url,http_status,redirect_location,canonical_tag,content_length,category
"https://bio-clinic.it/",200,"","https://bio-clinic.it/",56043,root-other
"https://bio-clinic.it/agoaspirato-tiroide/",308,"/pages/agoaspirato-tiroide","",0,root-other
"https://bio-clinic.it/assistenza-ostetrica/",308,"/pages/assistenza-ostetrica","",0,root-other
"https://bio-clinic.it/audiometria/",308,"/pages/audiometria","",0,root-other
"https://bio-clinic.it/campo-visivo/",308,"/pages/campo-visivo","",0,root-other
"https://bio-clinic.it/cardiologia/",200,"","https://bio-clinic.it/cardiologia/",43469,hierarchical-cardio
"https://bio-clinic.it/cardiologia/checkup-cardiovascolare/",200,"","https://bio-clinic.it/cardiologia/checkup-cardiovascolare/",40487,hierarchical-cardio
"https://bio-clinic.it/cardiologia/ecocardiogramma/",200,"","https://bio-clinic.it/cardiologia/ecocardiogramma/",43117,hierarchical-cardio
"https://bio-clinic.it/cardiologia/holter-ecg/",200,"","https://bio-clinic.it/cardiologia/holter-ecg/",41025,hierarchical-cardio
"https://bio-clinic.it/cardiologia/holter-pressorio/",200,"","https://bio-clinic.it/cardiologia/holter-pressorio/",44469,hierarchical-cardio
"https://bio-clinic.it/cardiologia/visita-cardiologica-ecg/",200,"","https://bio-clinic.it/cardiologia/visita-cardiologica-ecg/",39263,hierarchical-cardio
"https://bio-clinic.it/caressflow/",308,"/pages/caressflow","",0,root-other
"https://bio-clinic.it/checkup-tiroide/",308,"/pages/checkup-tiroide","",0,root-other
"https://bio-clinic.it/chi-siamo/",200,"","https://bio-clinic.it/chi-siamo/",34295,root-other
"https://bio-clinic.it/chirurgia-ginecologica/",308,"/pages/chirurgia-ginecologica","",0,root-other
"https://bio-clinic.it/chirurgia-vascolare/",200,"","https://bio-clinic.it/chirurgia-vascolare/",38511,hub
"https://bio-clinic.it/colloquio-psicologico/",308,"/pages/colloquio-psicologico","",0,root-other
"https://bio-clinic.it/colposcopia/",308,"/pages/colposcopia","",0,root-other
"https://bio-clinic.it/consulto-pma/",308,"/pages/consulto-pma","",0,root-other
"https://bio-clinic.it/contatti/",200,"","https://bio-clinic.it/contatti/",31287,root-other
"https://bio-clinic.it/convenzioni/",200,"","https://bio-clinic.it/convenzioni/",39827,root-other
"https://bio-clinic.it/cookie/",200,"","https://bio-clinic.it/cookie/",28653,root-other
"https://bio-clinic.it/corso-preparto/",308,"/pages/corso-preparto","",0,root-other
"https://bio-clinic.it/dermatologia/",200,"","https://bio-clinic.it/dermatologia/",54318,hub
"https://bio-clinic.it/dermatoscopia-digitale/",308,"/pages/dermatoscopia-digitale","",0,root-other
"https://bio-clinic.it/duopap/",308,"/pages/duopap","",0,root-other
"https://bio-clinic.it/ecg/",308,"/pages/ecg","",0,root-other
"https://bio-clinic.it/eco-doppler-arti/",308,"/pages/eco-doppler-arti","",0,root-other
"https://bio-clinic.it/ecografia-addominale/",308,"/pages/ecografia-addominale","",0,root-other
"https://bio-clinic.it/ecografia-ginecologica/",308,"/pages/ecografia-ginecologica","",0,root-other
"https://bio-clinic.it/ecografia-mammaria/",308,"/pages/ecografia-mammaria","",0,root-other
"https://bio-clinic.it/ecografia-morfologica/",308,"/pages/ecografia-morfologica","",0,root-other
"https://bio-clinic.it/ecografia-ostetrica-3d/",308,"/pages/ecografia-ostetrica-3d","",0,root-other
"https://bio-clinic.it/ecografia-pelvica/",308,"/pages/ecografia-pelvica","",0,root-other
"https://bio-clinic.it/ecografia-prostatica/",308,"/pages/ecografia-prostatica","",0,root-other
"https://bio-clinic.it/ecografia-renale/",308,"/pages/ecografia-renale","",0,root-other
"https://bio-clinic.it/ecografia-tiroidea/",308,"/pages/ecografia-tiroidea","",0,root-other
"https://bio-clinic.it/ecografia-transvaginale/",308,"/pages/ecografia-transvaginale","",0,root-other
"https://bio-clinic.it/elettromiografia/",308,"/pages/elettromiografia","",0,root-other
"https://bio-clinic.it/ematologia/",200,"","https://bio-clinic.it/ematologia/",34143,hub
"https://bio-clinic.it/endocrinologia/",200,"","https://bio-clinic.it/endocrinologia/",36343,hub
"https://bio-clinic.it/equipe/",200,"","https://bio-clinic.it/equipe/",69504,equipe
"https://bio-clinic.it/equipe/alessandra-musinu/",308,"/equipe/alessandra-musinu","",0,equipe
"https://bio-clinic.it/equipe/alessandro-pandolfi/",308,"/equipe/alessandro-pandolfi","",0,equipe
"https://bio-clinic.it/equipe/alessia-piras/",308,"/equipe/alessia-piras","",0,equipe
"https://bio-clinic.it/equipe/andrea-donato/",308,"/equipe/andrea-donato","",0,equipe
"https://bio-clinic.it/equipe/angelica-fois/",308,"/equipe/angelica-fois","",0,equipe
"https://bio-clinic.it/equipe/angelo-deplano/",308,"/equipe/angelo-deplano","",0,equipe
"https://bio-clinic.it/equipe/antonella-galatino/",308,"/equipe/antonella-galatino","",0,equipe
"https://bio-clinic.it/equipe/antonella-pruneddu/",308,"/equipe/antonella-pruneddu","",0,equipe
"https://bio-clinic.it/equipe/antonio-michele-cavazzuti/",308,"/equipe/antonio-michele-cavazzuti","",0,equipe
"https://bio-clinic.it/equipe/antonio-solinas/",308,"/equipe/antonio-solinas","",0,equipe
"https://bio-clinic.it/equipe/camilla-ruzzoli/",308,"/equipe/camilla-ruzzoli","",0,equipe
"https://bio-clinic.it/equipe/carlo-burrai/",308,"/equipe/carlo-burrai","",0,equipe
"https://bio-clinic.it/equipe/carlos-manuel-cambara-zuniga/",308,"/equipe/carlos-manuel-cambara-zuniga","",0,equipe
"https://bio-clinic.it/equipe/cinzia-guarino/",308,"/equipe/cinzia-guarino","",0,equipe
"https://bio-clinic.it/equipe/daniele-sabiu/",308,"/equipe/daniele-sabiu","",0,equipe
"https://bio-clinic.it/equipe/fabrizia-caucci/",308,"/equipe/fabrizia-caucci","",0,equipe
"https://bio-clinic.it/equipe/francesco-bussu/",308,"/equipe/francesco-bussu","",0,equipe
"https://bio-clinic.it/equipe/francesco-dessole/",308,"/equipe/francesco-dessole","",0,equipe
"https://bio-clinic.it/equipe/francesco-santoru/",308,"/equipe/francesco-santoru","",0,equipe
"https://bio-clinic.it/equipe/francesco-tolu/",308,"/equipe/francesco-tolu","",0,equipe
"https://bio-clinic.it/equipe/gianfranco-manchia/",308,"/equipe/gianfranco-manchia","",0,equipe
"https://bio-clinic.it/equipe/giorgio-chiarelli/",308,"/equipe/giorgio-chiarelli","",0,equipe
"https://bio-clinic.it/equipe/giovanna-costa/",308,"/equipe/giovanna-costa","",0,equipe
"https://bio-clinic.it/equipe/giuliana-guagnozzi/",308,"/equipe/giuliana-guagnozzi","",0,equipe
"https://bio-clinic.it/equipe/gloria-reggiani/",308,"/equipe/gloria-reggiani","",0,equipe
"https://bio-clinic.it/equipe/guido-marongiu/",308,"/equipe/guido-marongiu","",0,equipe
"https://bio-clinic.it/equipe/irene-aini/",308,"/equipe/irene-aini","",0,equipe
"https://bio-clinic.it/equipe/luigi-podda/",308,"/equipe/luigi-podda","",0,equipe
"https://bio-clinic.it/equipe/maddalena-pola/",308,"/equipe/maddalena-pola","",0,equipe
"https://bio-clinic.it/equipe/marco-petrillo/",308,"/equipe/marco-petrillo","",0,equipe
"https://bio-clinic.it/equipe/margherita-dessole/",308,"/equipe/margherita-dessole","",0,equipe
"https://bio-clinic.it/equipe/maria-laura-de-luca/",308,"/equipe/maria-laura-de-luca","",0,equipe
"https://bio-clinic.it/equipe/maria-pina-pintus/",308,"/equipe/maria-pina-pintus","",0,equipe
"https://bio-clinic.it/equipe/mariolina-azara/",308,"/equipe/mariolina-azara","",0,equipe
"https://bio-clinic.it/equipe/matteo-zucca/",308,"/equipe/matteo-zucca","",0,equipe
"https://bio-clinic.it/equipe/niccolo-melis/",308,"/equipe/niccolo-melis","",0,equipe
"https://bio-clinic.it/equipe/nicola-frau/",308,"/equipe/nicola-frau","",0,equipe
"https://bio-clinic.it/equipe/paolo-dessole/",308,"/equipe/paolo-dessole","",0,equipe
"https://bio-clinic.it/equipe/paolo-franca/",308,"/equipe/paolo-franca","",0,equipe
"https://bio-clinic.it/equipe/paolo-pischedda/",308,"/equipe/paolo-pischedda","",0,equipe
"https://bio-clinic.it/equipe/pietro-lisai/",308,"/equipe/pietro-lisai","",0,equipe
"https://bio-clinic.it/equipe/pietro-pirina/",308,"/equipe/pietro-pirina","",0,equipe
"https://bio-clinic.it/equipe/profilo/",308,"/equipe/profilo","",0,equipe
"https://bio-clinic.it/equipe/roberto-mancino/",308,"/equipe/roberto-mancino","",0,equipe
"https://bio-clinic.it/equipe/salvatore-dessole/",308,"/equipe/salvatore-dessole","",0,equipe
"https://bio-clinic.it/equipe/sara-uras/",308,"/equipe/sara-uras","",0,equipe
"https://bio-clinic.it/equipe/sebastiano-traccis/",308,"/equipe/sebastiano-traccis","",0,equipe
"https://bio-clinic.it/equipe/sergio-paolo-sotgia/",308,"/equipe/sergio-paolo-sotgia","",0,equipe
"https://bio-clinic.it/equipe/sonia-bove/",308,"/equipe/sonia-bove","",0,equipe
"https://bio-clinic.it/equipe/speranza-anedda/",308,"/equipe/speranza-anedda","",0,equipe
"https://bio-clinic.it/equipe/tonino-bullitta/",308,"/equipe/tonino-bullitta","",0,equipe
"https://bio-clinic.it/gastroenterologia/",200,"","https://bio-clinic.it/gastroenterologia/",33811,hub
"https://bio-clinic.it/genetica/",200,"","https://bio-clinic.it/genetica/",67293,root-other
"https://bio-clinic.it/ginecologi-sassari/",308,"/pages/ginecologi-sassari","",0,root-other
"https://bio-clinic.it/ginecologia/",200,"","https://bio-clinic.it/ginecologia/",67572,hub
"https://bio-clinic.it/hpv-dna-test/",308,"/pages/hpv-dna-test","",0,root-other
"https://bio-clinic.it/hpv-test/",308,"/pages/hpv-test","",0,root-other
"https://bio-clinic.it/impedenzometria/",308,"/pages/impedenzometria","",0,root-other
"https://bio-clinic.it/infiltrazioni-articolari/",308,"/pages/infiltrazioni-articolari","",0,root-other
"https://bio-clinic.it/isterosalpingografia/",200,"","https://bio-clinic.it/isterosalpingografia/",59979,root-other
"https://bio-clinic.it/isteroscopia/",200,"","https://bio-clinic.it/isteroscopia/",45186,root-other
"https://bio-clinic.it/laboratorio/",200,"","https://bio-clinic.it/laboratorio/",36898,hierarchical-lab
"https://bio-clinic.it/laboratorio/",200,"","https://bio-clinic.it/laboratorio/",36898,hierarchical-lab
"https://bio-clinic.it/laboratorio/stat/",308,"/laboratorio/stat","",0,hierarchical-lab
"https://bio-clinic.it/listino-completo/",308,"/listino-completo","",0,root-other
"https://bio-clinic.it/mappatura-nevi/",308,"/pages/mappatura-nevi","",0,root-other
"https://bio-clinic.it/medicina-del-lavoro/",200,"","https://bio-clinic.it/medicina-del-lavoro-sassari/",42033,root-other
"https://bio-clinic.it/monitoraggio-follicolare/",308,"/pages/monitoraggio-follicolare","",0,root-other
"https://bio-clinic.it/mounjaro-tirzepatide-sassari/",200,"","https://bio-clinic.it/mounjaro-tirzepatide-sassari/",66083,root-other
"https://bio-clinic.it/mounjaro-tirzepatide-sassari/",200,"","https://bio-clinic.it/mounjaro-tirzepatide-sassari/",66083,root-other
"https://bio-clinic.it/neurologia/",200,"","https://bio-clinic.it/neurologia/",34588,hub
"https://bio-clinic.it/oculistica/",200,"","https://bio-clinic.it/oculistica/",35539,hub
"https://bio-clinic.it/ortopedia/",200,"","https://bio-clinic.it/ortopedia/",34809,hub
"https://bio-clinic.it/otorinolaringoiatria/",200,"","https://bio-clinic.it/otorinolaringoiatria/",34737,hub
"https://bio-clinic.it/pap-test/",308,"/pages/pap-test","",0,root-other
"https://bio-clinic.it/perifit-kegel-sassari/",308,"/pages/perifit-kegel-sassari","",0,root-other
"https://bio-clinic.it/pma-fertilita/",200,"","https://bio-clinic.it/pma-fertilita/",50275,hub
"https://bio-clinic.it/pneumologia/",200,"","https://bio-clinic.it/pneumologia/",33412,hub
"https://bio-clinic.it/preparazione-esami/",200,"","https://bio-clinic.it/preparazione-esami/",46674,root-other
"https://bio-clinic.it/prestazioni/",200,"","https://bio-clinic.it/prestazioni/",45599,root-other
"https://bio-clinic.it/prevenzione/",200,"","https://bio-clinic.it/prevenzione/",41412,root-other
"https://bio-clinic.it/privacy/",200,"","https://bio-clinic.it/privacy/",25472,root-other
"https://bio-clinic.it/radiofrequenza-vaginale/",308,"/pages/radiofrequenza-vaginale","",0,root-other
"https://bio-clinic.it/reumatologia/",200,"","https://bio-clinic.it/reumatologia/",33373,hub
"https://bio-clinic.it/riabilitazione-pavimento-pelvico/",308,"/pages/riabilitazione-pavimento-pelvico","",0,root-other
"https://bio-clinic.it/rinofibrolaringoscopia/",308,"/pages/rinofibrolaringoscopia","",0,root-other
"https://bio-clinic.it/scleroterapia/",308,"/pages/scleroterapia","",0,root-other
"https://bio-clinic.it/screening-inps-sardegna/",308,"/pages/screening-inps-sardegna","",0,root-other
"https://bio-clinic.it/shop/",200,"","https://bio-clinic.it/",12887,root-other
"https://bio-clinic.it/slim-care-donna/",200,"","https://bio-clinic.it/slim-care-donna/",50102,root-other
"https://bio-clinic.it/slim-care/",200,"","https://bio-clinic.it/slim-care/",48212,hub
"https://bio-clinic.it/specialita/",200,"","https://bio-clinic.it/specialita/",42523,root-other
"https://bio-clinic.it/spirometria/",308,"/pages/spirometria","",0,root-other
"https://bio-clinic.it/symptom-checker/",308,"/pages/symptom-checker","",0,root-other
"https://bio-clinic.it/translucenza-nucale/",308,"/pages/translucenza-nucale","",0,root-other
"https://bio-clinic.it/trattamenti-pavimento-pelvico/",308,"/pages/trattamenti-pavimento-pelvico","",0,root-other
"https://bio-clinic.it/urologia/",200,"","https://bio-clinic.it/urologia/",34782,hub
"https://bio-clinic.it/visita-cardiologica/",200,"","https://bio-clinic.it/visita-cardiologica-ecg/",1100,root-service
"https://bio-clinic.it/visita-chirurgia-vascolare/",308,"/pages/visita-chirurgia-vascolare","",0,root-service
"https://bio-clinic.it/visita-dermatologica/",200,"","https://bio-clinic.it/visita-dermatologica/",38825,root-service
"https://bio-clinic.it/visita-ematologica/",308,"/pages/visita-ematologica","",0,root-service
"https://bio-clinic.it/visita-endocrinologica/",200,"","https://bio-clinic.it/visita-endocrinologica/",38735,root-service
"https://bio-clinic.it/visita-fisiatrica/",308,"/pages/visita-fisiatrica","",0,root-service
"https://bio-clinic.it/visita-gastroenterologica/",308,"/pages/visita-gastroenterologica","",0,root-service
"https://bio-clinic.it/visita-ginecologica/",200,"","https://bio-clinic.it/visita-ginecologica/",40031,root-service
"https://bio-clinic.it/visita-internistica/",308,"/pages/visita-internistica","",0,root-service
"https://bio-clinic.it/visita-medicina-lavoro/",308,"/pages/visita-medicina-lavoro","",0,root-service
"https://bio-clinic.it/visita-medicina-sport/",308,"/pages/visita-medicina-sport","",0,root-service
"https://bio-clinic.it/visita-nefrologica/",308,"/pages/visita-nefrologica","",0,root-service
"https://bio-clinic.it/visita-neurologica/",200,"","https://bio-clinic.it/visita-neurologica/",37593,root-service
"https://bio-clinic.it/visita-nutrizionale/",308,"/pages/visita-nutrizionale","",0,root-service
"https://bio-clinic.it/visita-oculistica/",308,"/pages/visita-oculistica","",0,root-service
"https://bio-clinic.it/visita-orl/",308,"/pages/visita-orl","",0,root-service
"https://bio-clinic.it/visita-ortopedica/",308,"/pages/visita-ortopedica","",0,root-service
"https://bio-clinic.it/visita-pediatrica/",308,"/pages/visita-pediatrica","",0,root-service
"https://bio-clinic.it/visita-pneumologica/",308,"/pages/visita-pneumologica","",0,root-service
"https://bio-clinic.it/visita-reumatologica/",308,"/pages/visita-reumatologica","",0,root-service
"https://bio-clinic.it/visita-urologica/",308,"/pages/visita-urologica","",0,root-service
"https://bio-clinic.it/pages/visita-cardiologica-ecg",200,"","https://bio-clinic.it/pages/visita-cardiologica-ecg.html",39514,pages-legacy
"https://bio-clinic.it/pages/visita-ginecologica",200,"","https://bio-clinic.it/visita-ginecologica/",40031,pages-legacy
"https://bio-clinic.it/pages/visita-dermatologica",200,"","https://bio-clinic.it/visita-dermatologica/",38825,pages-legacy
"https://bio-clinic.it/pages/visita-endocrinologica",200,"","https://bio-clinic.it/visita-endocrinologica/",38735,pages-legacy
"https://bio-clinic.it/pages/visita-neurologica",200,"","https://bio-clinic.it/visita-neurologica/",37593,pages-legacy
"https://bio-clinic.it/pages/visita-ortopedica",200,"","https://bio-clinic.it/visita-ortopedica/",37447,pages-legacy
"https://bio-clinic.it/pages/visita-urologica",200,"","https://bio-clinic.it/visita-urologica/",36682,pages-legacy
"https://bio-clinic.it/pages/visita-oculistica",200,"","https://bio-clinic.it/visita-oculistica/",42206,pages-legacy
"https://bio-clinic.it/pages/visita-gastroenterologica",200,"","https://bio-clinic.it/visita-gastroenterologica/",36274,pages-legacy
"https://bio-clinic.it/pages/visita-pneumologica",200,"","https://bio-clinic.it/visita-pneumologica/",36176,pages-legacy
"https://bio-clinic.it/pages/visita-reumatologica",200,"","https://bio-clinic.it/visita-reumatologica/",35817,pages-legacy
"https://bio-clinic.it/pages/visita-ematologica",200,"","https://bio-clinic.it/visita-ematologica/",37053,pages-legacy
"https://bio-clinic.it/pages/visita-fisiatrica",200,"","https://bio-clinic.it/visita-fisiatrica/",35812,pages-legacy
"https://bio-clinic.it/pages/visita-pediatrica",200,"","https://bio-clinic.it/visita-pediatrica/",40162,pages-legacy
"https://bio-clinic.it/pages/visita-nefrologica",200,"","https://bio-clinic.it/visita-nefrologica/",66471,pages-legacy
"https://bio-clinic.it/pages/visita-chirurgia-vascolare",200,"","https://bio-clinic.it/visita-chirurgia-vascolare/",36486,pages-legacy
"https://bio-clinic.it/pages/visita-internistica",200,"","https://bio-clinic.it/visita-internistica/",40385,pages-legacy
"https://bio-clinic.it/pages/visita-medicina-lavoro",200,"","https://bio-clinic.it/visita-medicina-del-lavoro-sassari/",40355,pages-legacy
"https://bio-clinic.it/pages/visita-medicina-sport",200,"","https://bio-clinic.it/visita-medicina-sport/",64237,pages-legacy
"https://bio-clinic.it/pages/visita-nutrizionale",200,"","https://bio-clinic.it/visita-nutrizionale/",40283,pages-legacy
"https://bio-clinic.it/pages/colloquio-psicologico",200,"","https://bio-clinic.it/colloquio-psicologico/",41360,pages-legacy
"https://bio-clinic.it/pages/ginecologi-sassari",200,"","https://bio-clinic.it/ginecologi-sassari/",41100,pages-legacy
"https://bio-clinic.it/pages/hpv-test",200,"","https://bio-clinic.it/pap-test-hpv/",957,pages-legacy
"https://bio-clinic.it/pages/hpv-dna-test",200,"","https://bio-clinic.it/hpv-dna-test/",44438,pages-legacy
"https://bio-clinic.it/pages/pap-test",200,"","https://bio-clinic.it/pap-test/",46243,pages-legacy
"https://bio-clinic.it/pages/duopap",200,"","https://bio-clinic.it/duopap/",41541,pages-legacy
"https://bio-clinic.it/pages/genetica",200,"","https://bio-clinic.it/genetica/",67293,pages-legacy
"https://bio-clinic.it/pages/isterosalpingografia",200,"","https://bio-clinic.it/isterosalpingografia/",59979,pages-legacy
"https://bio-clinic.it/pages/isteroscopia",200,"","https://bio-clinic.it/isteroscopia/",45186,pages-legacy
"https://bio-clinic.it/pages/mappatura-nevi",200,"","https://bio-clinic.it/mappatura-nevi/",46754,pages-legacy
"https://bio-clinic.it/pages/dermatoscopia-digitale",200,"","https://bio-clinic.it/dermatologia/",1024,pages-legacy
"https://bio-clinic.it/pages/agoaspirato-tiroide",200,"","https://bio-clinic.it/endocrinologia/",986,pages-legacy
"https://bio-clinic.it/pages/checkup-tiroide",200,"","https://bio-clinic.it/checkup-tiroide/",49883,pages-legacy
"https://bio-clinic.it/pages/colposcopia",200,"","https://bio-clinic.it/colposcopia/",41486,pages-legacy
"https://bio-clinic.it/pages/screening-inps-sardegna",200,"","https://bio-clinic.it/screening-inps-sardegna/",61010,pages-legacy
"https://bio-clinic.it/pages/symptom-checker",200,"","https://bio-clinic.it/symptom-checker/",31908,pages-legacy
"https://bio-clinic.it/pages/caressflow",200,"","https://bio-clinic.it/caressflow/",36746,pages-legacy
"https://bio-clinic.it/pages/perifit-kegel-sassari",200,"","https://bio-clinic.it/perifit-kegel-sassari/",66915,pages-legacy
"https://bio-clinic.it/pages/radiofrequenza-vaginale",200,"","https://bio-clinic.it/radiofrequenza-vaginale/",36539,pages-legacy
"https://bio-clinic.it/pages/riabilitazione-pavimento-pelvico",200,"","https://bio-clinic.it/riabilitazione-pavimento-pelvico/",46539,pages-legacy
"https://bio-clinic.it/pages/trattamenti-pavimento-pelvico",200,"","https://bio-clinic.it/trattamenti-pavimento-pelvico/",65768,pages-legacy
"https://bio-clinic.it/pages/rinofibrolaringoscopia",200,"","https://bio-clinic.it/otorinolaringoiatria/",996,pages-legacy
"https://bio-clinic.it/pages/ecografia-mammaria",200,"","https://bio-clinic.it/ecografia-mammaria/",45281,pages-legacy
"https://bio-clinic.it/pages/ecografia-tiroidea",200,"","https://bio-clinic.it/ecografia-tiroidea/",44445,pages-legacy
"https://bio-clinic.it/pages/ecografia-transvaginale",200,"","https://bio-clinic.it/ecografia-transvaginale/",45148,pages-legacy
"https://bio-clinic.it/pages/ecografia-ginecologica",200,"","https://bio-clinic.it/ginecologia/",1020,pages-legacy
"https://bio-clinic.it/pages/ecografia-pelvica",200,"","https://bio-clinic.it/ecografia-pelvica/",45115,pages-legacy
"https://bio-clinic.it/pages/ecografia-prostatica",200,"","https://bio-clinic.it/ecografia-prostatica/",39954,pages-legacy
"https://bio-clinic.it/pages/ecografia-renale",200,"","https://bio-clinic.it/ecografia-renale/",39514,pages-legacy
"https://bio-clinic.it/pages/ecografia-addominale",200,"","https://bio-clinic.it/ecografia-addominale/",41419,pages-legacy
"https://bio-clinic.it/pages/ecografia-ostetrica-3d",200,"","https://bio-clinic.it/ecografia-ostetrica-3d/",42624,pages-legacy
"https://bio-clinic.it/pages/ecografia-morfologica",200,"","https://bio-clinic.it/ecografia-morfologica/",43119,pages-legacy
"https://bio-clinic.it/pages/ecg",301,"/cardiologia/visita-cardiologica-ecg/","",0,pages-legacy
"https://bio-clinic.it/pages/eco-doppler-arti",200,"","https://bio-clinic.it/eco-doppler-arti/",39986,pages-legacy
"https://bio-clinic.it/pages/elettromiografia",200,"","https://bio-clinic.it/elettromiografia/",42101,pages-legacy
"https://bio-clinic.it/pages/translucenza-nucale",200,"","https://bio-clinic.it/ecografia-morfologica/",1014,pages-legacy
"https://bio-clinic.it/pages/infiltrazioni-articolari",200,"","https://bio-clinic.it/infiltrazioni-articolari/",42215,pages-legacy
"https://bio-clinic.it/pages/scleroterapia",200,"","https://bio-clinic.it/scleroterapia/",39740,pages-legacy
"https://bio-clinic.it/pages/spirometria",200,"","https://bio-clinic.it/spirometria/",40843,pages-legacy
"https://bio-clinic.it/pages/audiometria",200,"","https://bio-clinic.it/audiometria/",39886,pages-legacy
"https://bio-clinic.it/pages/impedenzometria",200,"","https://bio-clinic.it/otorinolaringoiatria/",989,pages-legacy
"https://bio-clinic.it/pages/campo-visivo",200,"","https://bio-clinic.it/campo-visivo/",38792,pages-legacy
"https://bio-clinic.it/pages/monitoraggio-follicolare",200,"","https://bio-clinic.it/pma-fertilita/",1033,pages-legacy
"https://bio-clinic.it/pages/consulto-pma",200,"","https://bio-clinic.it/pma-fertilita/",1021,pages-legacy
"https://bio-clinic.it/pages/assistenza-ostetrica",200,"","https://bio-clinic.it/assistenza-ostetrica/",45156,pages-legacy
"https://bio-clinic.it/pages/chirurgia-ginecologica",200,"","https://bio-clinic.it/isteroscopia/",1024,pages-legacy
"https://bio-clinic.it/pages/corso-preparto",200,"","https://bio-clinic.it/corso-preparto/",44765,pages-legacy
"https://bio-clinic.it/pages/cardiologia",301,"/cardiologia/","",0,pages-legacy
"https://bio-clinic.it/pages/ginecologia",301,"/ginecologia/","",0,pages-legacy
"https://bio-clinic.it/pages/ginecologia.html",404,"","",0,pages-legacy
"https://bio-clinic.it/pages/dermatologia",301,"/dermatologia/","",0,pages-legacy
"https://bio-clinic.it/pages/dermatologia.html",404,"","",0,pages-legacy
"https://bio-clinic.it/pages/endocrinologia",301,"/endocrinologia/","",0,pages-legacy
"https://bio-clinic.it/pages/neurologia",404,"","",0,pages-legacy
"https://bio-clinic.it/pages/ortopedia",404,"","",0,pages-legacy
"https://bio-clinic.it/pages/slim-care",404,"","",0,pages-legacy
"https://bio-clinic.it/pages/pma-fertilita",404,"","",0,pages-legacy
"https://bio-clinic.it/pages/specialita",404,"","",0,pages-legacy
"https://bio-clinic.it/pages/specialita.html",404,"","",0,pages-legacy
"https://bio-clinic.it/pages/convenzioni",301,"/convenzioni/","",0,pages-legacy
"https://bio-clinic.it/pages/gastroenterologia",301,"/gastroenterologia/","",0,pages-legacy
"https://bio-clinic.it/pages/ecocardiogramma",301,"/cardiologia/ecocardiogramma/","",0,pages-legacy
"https://bio-clinic.it/pages/ecocardiogramma.html",404,"","",0,pages-legacy
"https://bio-clinic.it/pages/holter-ecg",301,"/cardiologia/holter-ecg/","",0,pages-legacy
"https://bio-clinic.it/pages/holter-pressorio",301,"/cardiologia/holter-pressorio/","",0,pages-legacy
"https://bio-clinic.it/pages/checkup-cardiovascolare",301,"/cardiologia/checkup-cardiovascolare/","",0,pages-legacy
"https://bio-clinic.it/pages/preparazione-esami",200,"","https://bio-clinic.it/preparazione-esami/",46674,pages-legacy
"https://bio-clinic.it/pages/listino-completo",404,"","",0,pages-legacy
"https://bio-clinic.it/pages/laboratorio",200,"","https://bio-clinic.it/laboratorio/",36898,pages-legacy
"https://bio-clinic.it/pages/medicina-del-lavoro",404,"","",0,pages-legacy
"https://bio-clinic.it/pages/visita-orl",200,"","https://bio-clinic.it/visita-orl/",37182,pages-legacy
