id,nome_sito,prezzo_sito,prezzo_gipo_ultimo,data_ultima_fattura,prezzo_gipo_modale,n_fatture_12m,esito
11-desossicorticosterone-doc,11-DESOSSICORTICOSTERONE (DOC),15.0,,,,0,NO_DATI_GIPO
1-2-cicloesandiolo-urine-f-t,1-2 CICLOESANDIOLO URINE F.T.,10.0,,,,0,NO_DATI_GIPO
17-beta-estradiolo-leggere-popup,17 beta Estradiolo  - LEGGERE POPUP,22.0,22.0,2025-10-13,22.0,1,OK
17-chetosteroidi-urine-24h,17 CHETOSTEROIDI URINE 24H,10.0,,,,0,NO_DATI_GIPO
17-oh-progesterone,17-OH-PROGESTERONE,13.2,13.2,2026-06-16,13.2,8,OK
2-5-esandione-urine-f-t,2-5 ESANDIONE URINE F.T.,15.0,,,,0,NO_DATI_GIPO
a-a-helicobacter-pylori-iga,A.A. HELICOBACTER PYLORI IgA,12.7,12.7,2026-06-01,12.7,3,OK
a-a-helicobacter-pylori-igg,A.A. HELICOBACTER PYLORI IgG,12.7,12.7,2026-06-01,12.7,3,OK
ab-anticorpi-sars-cov-2-igg-ii-proteina-spike-quan,AB ANTICORPI SARS COV-2 IgG II PROTEINA SPIKE (QUANTITATIVA),70.0,,,,0,NO_DATI_GIPO
acacia-acacia-longifolia-ige-specifiche,ACACIA (ACACIA LONGIFOLIA) (IgE SPECIFICHE),19.0,,,,0,NO_DATI_GIPO
acarus-siro-ige-specifiche,ACARUS SIRO (IgE SPECIFICHE),12.5,12.5,2025-09-13,12.5,1,OK
acciuga-ige-specifiche,ACCIUGA (IgE SPECIFICHE),19.0,,,,0,NO_DATI_GIPO
acero-acer-negundo-ige-specifiche,ACERO (ACER NEGUNDO) (IgE SPECIFICHE),19.0,,,,0,NO_DATI_GIPO
acetonemia-acetone-urine-fine-turno,ACETONEMIA (ACETONE URINE FINE TURNO),45.0,,,,0,NO_DATI_GIPO
acidi-biliari,ACIDI BILIARI,11.5,11.5,2025-07-21,11.5,1,OK
acidi-grassi-a-catena-lunga-e-rapporto-omega,ACIDI GRASSI A CATENA LUNGA E RAPPORTO OMEGA,100.0,100.0,2025-09-02,100.0,1,OK
acidi-organici-urinari,ACIDI ORGANICI URINARI,415.0,,,,0,NO_DATI_GIPO
acido-5-oh-indolacetico-urine-24h,ACIDO 5-OH-INDOLACETICO URINE 24H,22.0,,,,0,NO_DATI_GIPO
acido-butossiacetico-urine-f-t,ACIDO BUTOSSIACETICO URINE F.T.,39.5,,,,0,NO_DATI_GIPO
acido-delta-aminolevulinico-ala,Acido Delta Aminolevulinico (ALA),39.8,,,,0,NO_DATI_GIPO
acido-fenilmercapturico,Acido fenilmercapturico,30.0,30.0,2026-03-20,30.0,2,OK
acido-folico-folati,ACIDO FOLICO (FOLATI),9.9,9.9,2026-07-01,9.9,226,OK
acido-formico-formiati-urine-f-t,ACIDO FORMICO (FORMIATI) URINE F.T.,18.5,,,,0,NO_DATI_GIPO
acido-ippurico-urine-f-t,ACIDO IPPURICO URINE F.T.,15.0,,,,0,NO_DATI_GIPO
acido-ippurico-urine-i-t,ACIDO IPPURICO URINE I.T,15.0,,,,0,NO_DATI_GIPO
acido-lattico,ACIDO LATTICO,9.5,,,,0,NO_DATI_GIPO
acido-mandelico-acido-fenilgliossilico-urine-f-t,ACIDO MANDELICO + ACIDO FENILGLIOSSILICO URINE F.T.,28.0,,,,0,NO_DATI_GIPO
acido-mandelico-acido-fenilgliossilico-urine-i-t,ACIDO MANDELICO + ACIDO FENILGLIOSSILICO URINE I.T.,28.0,,,,0,NO_DATI_GIPO
acido-mandelico-urine-f-t,ACIDO MANDELICO URINE F.T.,14.5,,,,0,NO_DATI_GIPO
acido-mandelico-urine-i-t,ACIDO MANDELICO URINE I.T.,14.5,,,,0,NO_DATI_GIPO
acido-metilippurico-urine-f-t,ACIDO METILIPPURICO URINE F.T.,14.9,,,,0,NO_DATI_GIPO
acido-metilippurico-urine-i-t,ACIDO METILIPPURICO URINE I.T.,14.9,,,,0,NO_DATI_GIPO
acido-metilmalonico,ACIDO METILMALONICO,235.0,235.0,2026-04-07,235.0,2,OK
acido-micofenolico-micofenolato-mofetile,ACIDO MICOFENOLICO (MICOFENOLATO MOFETILE),162.0,,,,0,NO_DATI_GIPO
acido-ossalico-urine-24h,ACIDO OSSALICO URINE 24H,27.0,27.0,2026-06-22,27.0,1,OK
acido-ossalico-urine-f-t,ACIDO OSSALICO URINE F.T.,32.0,,,,0,NO_DATI_GIPO
acido-piruvico,ACIDO PIRUVICO,100.0,,,,0,NO_DATI_GIPO
acido-s-fenilmercapturico-urine-f-t,ACIDO S-FENILMERCAPTURICO URINE F.T.,32.0,,,,0,NO_DATI_GIPO
acido-transmuconico-urine-f-t,ACIDO TRANSMUCONICO URINE F.T.,36.5,,,,0,NO_DATI_GIPO
acido-transmuconico-urine-i-t,ACIDO TRANSMUCONICO URINE I.T.,36.5,,,,0,NO_DATI_GIPO
acido-tricloroacetico-tca-urine-f-t,ACIDO TRICLOROACETICO (TCA) URINE F.T.,11.9,,,,0,NO_DATI_GIPO
acido-urico,ACIDO URICO,3.5,3.5,2026-06-27,3.5,150,OK
acido-valproico-depakin-dipropilacetico,ACIDO VALPROICO (DEPAKIN) (DIPROPILACETICO),12.0,12.0,2026-03-16,12.0,2,OK
acido-vanilmandelico-urine-24h,ACIDO VANILMANDELICO URINE 24H,31.5,,,,0,NO_DATI_GIPO
acr-rapporto-mg-di-microalbuminuria-g-di-creatinin,ACR: Rapporto mg di Microalbuminuria  / g di creatinina urinaria,15.0,15.0,2025-08-01,15.0,1,OK
acth-ormone-adrenocorticotropo,ACTH (ORMONE ADRENOCORTICOTROPO),25.0,25.0,2026-06-29,25.0,18,OK
adenovirus-ricerca-antigene-nelle-feci,ADENOVIRUS RICERCA ANTIGENE NELLE FECI,25.0,,,,0,NO_DATI_GIPO
adiponectina,ADIPONECTINA,85.0,,,,0,NO_DATI_GIPO
adrenalina-noradrenalina-plasmatica,ADRENALINA-NORADRENALINA PLASMATICA,34.9,,,,0,NO_DATI_GIPO
adrenalina-noradrenalina-urine-24h,ADRENALINA-NORADRENALINA URINE 24H,65.0,,,,0,NO_DATI_GIPO
agglutine-a-freddo,AGGLUTINE A FREDDO,40.0,,,,0,NO_DATI_GIPO
aglio-ige-specifiche,AGLIO (IgE SPECIFICHE),12.5,,,,0,NO_DATI_GIPO
albicocca-ige-specifiche,ALBICOCCA (IgE SPECIFICHE),14.0,,,,0,NO_DATI_GIPO
albume-ige-specifiche,ALBUME (IgE SPECIFICHE),14.0,14.0,2025-11-08,14.0,1,OK
albumina,ALBUMINA,3.5,3.5,2026-06-24,3.5,28,OK
albuminuria-24h,ALBUMINURIA 24H,4.0,4.0,2026-04-24,4.0,3,OK
alcolemia,ALCOLEMIA,20.0,20.0,2026-06-22,20.0,19,OK
aldolasi,ALDOLASI,3.3,3.3,2026-03-03,3.3,2,OK
aldosterone-in-ortostatismo,ALDOSTERONE IN ORTOSTATISMO,16.0,16.0,2026-06-29,16.0,2,OK
aldosterone-urine-24h,ALDOSTERONE URINE 24H,21.9,21.9,2025-08-29,21.9,1,OK
alex-test,ALEX TEST,310.0,310.0,2026-05-04,310.0,10,OK
alfa-1-microglobulina,ALFA 1 MICROGLOBULINA,28.0,,,,0,NO_DATI_GIPO
alfa-2-macroglobulina,ALFA 2 MACROGLOBULINA,40.0,,,,0,NO_DATI_GIPO
alfa-latto-albumina-ige-specifiche,ALFA LATTO-ALBUMINA (IgE SPECIFICHE),12.5,12.5,2025-08-26,12.5,1,OK
alfa-1-antitripsina,ALFA-1-ANTITRIPSINA,12.0,12.0,2026-05-05,12.0,3,OK
alfa-1-antitripsina-fecale,ALFA-1-ANTITRIPSINA FECALE,55.0,,,,0,NO_DATI_GIPO
alfa-1-glicoproteina-mucoproteina,ALFA-1-GLICOPROTEINA (MUCOPROTEINA),12.3,,,,0,NO_DATI_GIPO
alfafetoproteina-afp,ALFAFETOPROTEINA (AFP),16.9,16.9,2026-05-06,16.9,20,OK
alluminio-sierico,ALLUMINIO SIERICO,20.0,20.0,2026-01-30,20.0,1,OK
alluminio-urine-f-t,ALLUMINIO URINE F.T.,30.0,,,,0,NO_DATI_GIPO
alluminio-urine-i-t,ALLUMINIO URINE I.T.,20.0,,,,0,NO_DATI_GIPO
alpha-gal-galactose-alpha-1-3-galactose,"ALPHA-GAL GALACTOSE-ALPHA-1,3-GALACTOSE",78.0,78.0,2025-07-01,78.0,1,OK
alt-a1-alternaria-alternata,ALT A1 ALTERNARIA ALTERNATA,82.5,80.0,2025-11-24,80.0,1,MISMATCH
alternaria-alternata-ige-specifiche,ALTERNARIA ALTERNATA (IgE SPECIFICHE),12.5,,,,0,NO_DATI_GIPO
amaranto-comune-amaranthus-retroflexus-ige-specifi,AMARANTO COMUNE (AMARANTHUS RETROFLEXUS) (IgE SPECIFICHE),14.0,,,,0,NO_DATI_GIPO
ambrosia-elatior-ambrosia-artemisifolia-ige-specif,AMBROSIA ELATIOR (AMBROSIA ARTEMISIFOLIA) (IgE SPECIFICHE),12.5,12.5,2026-06-22,12.5,2,OK
ambrosia-gigante-ambrosia-trifida-ige-specifiche,AMBROSIA GIGANTE (AMBROSIA TRIFIDA) (IgE SPECIFICHE),19.0,19.0,2026-06-22,19.0,1,OK
ambrosia-occidentale-ambrosia-psilostachya-ige-spe,AMBROSIA OCCIDENTALE (AMBROSIA PSILOSTACHYA) (IgE SPECIFICHE),25.0,19.0,2026-06-22,19.0,1,MISMATCH
amilasi,AMILASI,3.5,3.5,2026-06-29,3.5,179,OK
amilasi-isoenzimi,AMILASI ISOENZIMI,65.0,65.0,2025-10-20,65.0,2,OK
amilasi-pancreatica,AMILASI PANCREATICA,12.0,12.0,2026-06-24,12.0,8,OK
amilasuria-urine-spot,AMILASURIA URINE  spot,2.99,,,,0,NO_DATI_GIPO
aminoacidi-plasmatici,AMINOACIDI PLASMATICI,350.0,,,,0,NO_DATI_GIPO
amiodarone-e-metaboliti,AMIODARONE E METABOLITI,229.0,,,,0,NO_DATI_GIPO
ammonio,AMMONIO,20.0,20.0,2026-05-23,20.0,7,OK
amoxicillina-ige-specifiche,AMOXICILLINA (IgE SPECIFICHE),12.5,12.5,2026-05-18,12.5,1,OK
ampicillina-ige-specifiche,AMPICILLINA (IgE SPECIFICHE),12.5,,,,0,NO_DATI_GIPO
anacardio-ige-specifiche,ANACARDIO (IgE SPECIFICHE),12.5,12.5,2025-09-13,12.5,1,OK
analisi-genetica-di-ii-livello,ANALISI GENETICA DI II LIVELLO,170.0,,,,0,NO_DATI_GIPO
ananas-ige-specifiche,ANANAS (IgE SPECIFICHE),12.5,,,,0,NO_DATI_GIPO
androstenediolo-glucuronide,ANDROSTENEDIOLO GLUCURONIDE,12.5,12.5,2026-05-12,12.5,3,OK
anexina-v-igg,ANEXINA V IGG,62.0,,,,0,NO_DATI_GIPO
angiotensina-ii,ANGIOTENSINA II,124.0,,,,0,NO_DATI_GIPO
anguria-ige-specifiche,ANGURIA (IgE SPECIFICHE),19.0,,,,0,NO_DATI_GIPO
anisakis-ige-specifiche,ANISAKIS (IgE SPECIFICHE),19.0,,,,0,NO_DATI_GIPO
annexina-v-igg,Annexina V IgG,65.0,0.09,2025-11-18,61.0,2,MISMATCH
antibiogramma,ANTIBIOGRAMMA,25.0,25.0,2026-06-29,25.0,318,OK
antibiogramma-mic-batteri-gram-negativi,ANTIBIOGRAMMA (MIC) batteri gram negativi,25.0,,,,0,NO_DATI_GIPO
antibiogramma-mic-batteri-gram-positivi,ANTIBIOGRAMMA (MIC) batteri gram positivi,45.0,,,,0,NO_DATI_GIPO
antibiogramma-per-micoplasma-ureaplasma,ANTIBIOGRAMMA PER MICOPLASMA/UREAPLASMA,70.0,,,,0,NO_DATI_GIPO
antibiogramma-vitek-ast-n379,ANTIBIOGRAMMA VITEK AST N379,45.0,,,,0,NO_DATI_GIPO
antibiotici-aminoglicosidi-vancomicina,ANTIBIOTICI AMINOGLICOSIDI: VANCOMICINA,44.0,,,,0,NO_DATI_GIPO
anticorpi-anti-core-virus-b-hbcab-totali,ANTICORPI ANTI - CORE VIRUS B (HBCAB TOTALI),12.0,12.0,2026-06-13,12.0,51,OK
anticorpi-anti-bp180,ANTICORPI ANTI BP180,33.9,33.9,2026-06-22,33.9,13,OK
anticorpi-anti-gangliosidi-profilo-completo-igg,ANTICORPI ANTI GANGLIOSIDI - Profilo completo IgG,70.0,70.0,2025-11-03,70.0,1,OK
anticorpi-anti-hdv-virus-epatite-delta,ANTICORPI ANTI HDV (VIRUS EPATITE DELTA),63.0,63.0,2026-03-13,63.0,2,OK
anticorpi-anti-insulina,ANTICORPI ANTI INSULINA,45.9,45.9,2026-04-07,45.9,3,OK
anticorpi-anti-mag,Anticorpi Anti Mag,63.0,63.0,2026-05-25,63.0,2,OK
anticorpi-anti-musk,ANTICORPI ANTI MUSK,81.5,81.5,2026-01-19,81.5,1,OK
anticorpi-anti-pemfigoide-bolloso-bp230,Anticorpi anti Pemfigoide bolloso BP230,33.9,33.9,2026-06-22,33.9,13,OK
anticorpi-anti-sars-cov-2-igm-igg,"ANTICORPI ANTI SARS-CoV-2 (IgM, IgG)",55.0,,,,0,NO_DATI_GIPO
anticorpi-anti-sars-cov-2-igg-quantitativo,ANTICORPI ANTI SARS-COV-2 IGG (QUANTITATIVO),40.0,,,,0,NO_DATI_GIPO
anticorpi-anti-ssa,ANTICORPI ANTI SSA,15.0,15.0,2026-01-07,15.0,2,OK
anticorpi-anti-ssb,ANTICORPI ANTI SSB,15.0,15.0,2026-01-07,15.0,2,OK
anticorpi-anti-21-idrossilasi,anticorpi anti-21 Idrossilasi,97.5,97.5,2026-05-25,97.5,1,OK
anticorpi-anti-adenovirus-igg,ANTICORPI ANTI-ADENOVIRUS IgG,14.2,14.2,2026-01-17,14.2,2,OK
anticorpi-anti-adenovirus-igm,ANTICORPI ANTI-ADENOVIRUS IgM,14.2,14.2,2026-01-17,14.2,2,OK
anticorpi-anti-ameba-entamoeba-histolytica,ANTICORPI ANTI-AMEBA (ENTAMOEBA HISTOLYTICA),74.2,,,,0,NO_DATI_GIPO
anticorpi-anti-bartonella-henselae-igg,ANTICORPI ANTI-BARTONELLA HENSELAE IgG,45.9,,,,0,NO_DATI_GIPO
anticorpi-anti-bartonella-henselae-igm,ANTICORPI ANTI-BARTONELLA HENSELAE IgM,68.0,,,,0,NO_DATI_GIPO
anticorpi-anti-bartonella-quintana-igg,ANTICORPI ANTI-BARTONELLA QUINTANA IgG,24.9,,,,0,NO_DATI_GIPO
anticorpi-anti-bartonella-quintana-igm,ANTICORPI ANTI-BARTONELLA QUINTANA IgM,24.9,,,,0,NO_DATI_GIPO
anticorpi-anti-beta-2-glicoproteina-igg,ANTICORPI ANTI-BETA 2 GLICOPROTEINA IgG,25.0,25.0,2026-06-24,25.0,12,OK
anticorpi-anti-beta-2-glicoproteina-igm,ANTICORPI ANTI-BETA 2 GLICOPROTEINA IgM,25.0,25.0,2026-06-24,25.0,12,OK
anticorpi-anti-borrelia-burgdorferi-igg,ANTICORPI ANTI-BORRELIA BURGDORFERI IgG,14.2,14.2,2025-07-21,14.2,1,OK
anticorpi-anti-borrelia-burgdorferi-igm,ANTICORPI ANTI-BORRELIA BURGDORFERI IgM,14.2,14.2,2025-07-21,14.2,1,OK
anticorpi-anti-candida-albicans-igg,ANTICORPI ANTI-CANDIDA ALBICANS IgG,24.9,,,,0,NO_DATI_GIPO
anticorpi-anti-candida-albicans-igm,ANTICORPI ANTI-CANDIDA ALBICANS IgM,24.9,,,,0,NO_DATI_GIPO
anticorpi-anti-cardiolipina-iga,ANTICORPI ANTI-CARDIOLIPINA IgA,35.0,35.0,2026-06-11,35.0,4,OK
anticorpi-anti-cardiolipina-igg,ANTICORPI ANTI-CARDIOLIPINA IgG,25.0,25.0,2026-06-24,25.0,14,OK
anticorpi-anti-cardiolipina-igm,ANTICORPI ANTI-CARDIOLIPINA IgM,25.0,25.0,2026-06-24,25.0,14,OK
anticorpi-anti-cellule-parietali-apca,ANTICORPI ANTI-CELLULE PARIETALI (APCA),14.2,14.2,2026-05-25,14.2,6,OK
anticorpi-anti-centromero-cenp-b,ANTICORPI ANTI-CENTROMERO (CENP-B),21.0,21.0,2026-04-03,21.0,3,OK
anticorpi-anti-chlamydia-pneumoniae-iga,ANTICORPI ANTI-CHLAMYDIA PNEUMONIAE IgA,50.0,,,,0,NO_DATI_GIPO
anticorpi-anti-chlamydia-pneumoniae-igg,ANTICORPI ANTI-CHLAMYDIA PNEUMONIAE IgG,50.0,50.0,2026-04-09,50.0,1,OK
anticorpi-anti-chlamydia-pneumoniae-igm,ANTICORPI ANTI-CHLAMYDIA PNEUMONIAE IgM,50.0,50.0,2026-04-09,50.0,1,OK
anticorpi-anti-chlamydia-trachomatis-iga,ANTICORPI ANTI-CHLAMYDIA TRACHOMATIS IgA,25.0,,,,0,NO_DATI_GIPO
anticorpi-anti-chlamydia-trachomatis-igg,ANTICORPI ANTI-CHLAMYDIA TRACHOMATIS IgG,25.0,25.0,2026-06-12,25.0,1,OK
anticorpi-anti-chlamydia-trachomatis-igm,ANTICORPI ANTI-CHLAMYDIA TRACHOMATIS IgM,25.0,25.0,2026-06-12,25.0,1,OK
anticorpi-anti-citomegalovirus-igg,ANTICORPI ANTI-CITOMEGALOVIRUS IgG,12.7,12.7,2026-06-30,12.7,113,OK
anticorpi-anti-citomegalovirus-igm,ANTICORPI ANTI-CITOMEGALOVIRUS IgM,13.5,13.5,2026-06-30,13.5,119,OK
anticorpi-anti-citoplasma-granulociti-neutrofili-a,ANTICORPI ANTI-CITOPLASMA GRANULOCITI NEUTROFILI (ANCA),15.5,15.5,2026-02-06,15.5,3,OK
anticorpi-anti-citrullina,ANTICORPI ANTI-CITRULLINA,31.5,31.5,2026-06-20,31.5,14,OK
anticorpi-anti-cromatina-nucleosoma,Anticorpi anti-cromatina (nucleosoma),25.0,22.0,2025-09-17,22.0,1,MISMATCH
anticorpi-anti-desmogleina-1-dsg1,ANTICORPI ANTI-DESMOGLEINA 1 (DSG1),40.5,40.5,2026-06-22,40.5,10,OK
anticorpi-anti-desmogleina-3-dsg3,ANTICORPI ANTI-DESMOGLEINA 3 (DSG3),40.5,40.5,2026-06-22,40.5,10,OK
anticorpi-anti-difterite,ANTICORPI ANTI-DIFTERITE,80.0,,,,0,NO_DATI_GIPO
anticorpi-anti-dna-nativo,ANTICORPI ANTI-DNA NATIVO,16.0,16.0,2026-04-03,16.0,5,OK
anticorpi-anti-dnasi-b,ANTICORPI ANTI-DNASI B,15.0,,,,0,NO_DATI_GIPO
anticorpi-anti-echo-virus-neurotropi-ig-totali,ANTICORPI ANTI-ECHO VIRUS NEUROTROPI Ig TOTALI,38.0,,,,0,NO_DATI_GIPO
anticorpi-anti-echo-virus-pneumotropi-ig-totali,ANTICORPI ANTI-ECHO VIRUS PNEUMOTROPI Ig TOTALI,38.0,,,,0,NO_DATI_GIPO
anticorpi-anti-ena-screening,ANTICORPI ANTI-ENA (SCREENING),28.0,28.0,2026-06-22,28.0,19,OK
anticorpi-anti-ena-jo-1,ANTICORPI ANTI-ENA JO-1,11.0,11.0,2026-04-03,11.0,1,OK
anticorpi-anti-ena-rnp,ANTICORPI ANTI-ENA RNP,11.0,11.0,2026-04-03,11.0,1,OK
anticorpi-anti-ena-scl-70,ANTICORPI ANTI-ENA SCL-70,11.0,11.0,2026-04-03,11.0,1,OK
anticorpi-anti-ena-sm,ANTICORPI ANTI-ENA SM,11.0,11.0,2026-04-03,11.0,1,OK
anticorpi-anti-ena-ssa-ro-52kd,ANTICORPI ANTI-ENA SSA (RO) 52KD,11.0,11.0,2026-05-25,11.0,1,OK
anticorpi-anti-ena-ssa-ro-60kd,ANTICORPI ANTI-ENA SSA (RO) 60KD,11.0,11.0,2026-05-25,11.0,1,OK
anticorpi-anti-ena-ssa-ro,ANTICORPI ANTI-ENA SSA/RO,15.0,15.0,2026-04-03,15.0,1,OK
anticorpi-anti-ena-ssb-la,ANTICORPI ANTI-ENA SSB (LA),15.0,,,,0,NO_DATI_GIPO
anticorpi-anti-endomisio-ema-iga,ANTICORPI ANTI-ENDOMISIO (EMA) IgA,18.5,18.5,2026-07-01,18.5,44,OK
anticorpi-anti-endomisio-ema-igg,ANTICORPI ANTI-ENDOMISIO (EMA) IgG,18.5,18.5,2026-07-01,18.5,43,OK
anticorpi-anti-epstein-barr-virus-ea-igg,ANTICORPI ANTI-EPSTEIN BARR VIRUS EA IgG,16.0,16.0,2026-04-21,16.0,3,OK
anticorpi-anti-epstein-barr-virus-ebna-igg,ANTICORPI ANTI-EPSTEIN BARR VIRUS EBNA IgG,12.4,12.4,2026-05-29,12.4,20,OK
anticorpi-anti-epstein-barr-virus-vca-igg,ANTICORPI ANTI-EPSTEIN BARR VIRUS VCA IgG,13.5,13.5,2026-05-29,13.5,23,OK
anticorpi-anti-epstein-barr-virus-vca-igm,ANTICORPI ANTI-EPSTEIN BARR VIRUS VCA IgM,15.2,15.2,2026-05-29,15.2,24,OK
anticorpi-anti-fattore-intrinseco,ANTICORPI ANTI-FATTORE INTRINSECO,50.0,50.0,2026-05-08,50.0,7,OK
anticorpi-anti-fosfolipidi,ANTICORPI ANTI-FOSFOLIPIDI,20.8,20.8,2026-02-10,20.8,6,OK
anticorpi-anti-gad-65-decarbossilasi-dell-acido-gl,ANTICORPI ANTI-GAD 65 (DECARBOSSILASI DELL'ACIDO GLUTAMMICO),65.2,65.2,2026-04-29,65.2,2,OK
anticorpi-anti-gangliosidi-profilo-completo-igm,ANTICORPI ANTI-GANGLIOSIDI (PROFILO COMPLETO IGM),70.0,70.0,2025-11-03,70.0,1,OK
anticorpi-anti-gliadina-deamidata-iga,ANTICORPI ANTI-GLIADINA DEAMIDATA IgA,13.5,13.5,2026-07-01,13.5,46,OK
anticorpi-anti-gliadina-deamidata-igg,ANTICORPI ANTI-GLIADINA DEAMIDATA IgG,13.5,13.5,2026-07-01,13.5,45,OK
anticorpi-anti-hav-igg,ANTICORPI ANTI-HAV IgG,13.9,13.9,2025-11-19,13.9,2,OK
anticorpi-anti-hav-igm,ANTICORPI ANTI-HAV IgM,13.9,13.9,2025-11-19,13.9,3,OK
anticorpi-anti-hbc-igg,ANTICORPI ANTI-HBc IgG,13.0,13.0,2026-06-15,13.0,22,OK
anticorpi-anti-hbc-igm,ANTICORPI ANTI-HBc IgM,13.0,13.0,2026-06-15,13.0,31,OK
anticorpi-anti-hbeag,ANTICORPI ANTI-HBeAg,18.0,18.0,2026-04-21,18.0,1,OK
anticorpi-anti-hbs-totali,ANTICORPI ANTI-HBs TOTALI,12.7,12.7,2026-05-29,12.7,33,OK
anticorpi-anti-hcv,ANTICORPI ANTI-HCV,10.0,10.0,2026-06-30,10.0,158,OK
anticorpi-anti-hdv-epatite-delta,ANTICORPI ANTI-HDV - EPATITE DELTA,125.0,,,,0,NO_DATI_GIPO
anticorpi-anti-helicobacter-pylori-igg,ANTICORPI ANTI-HELICOBACTER PYLORI IgG,13.5,,,,0,NO_DATI_GIPO
anticorpi-anti-herpes-simplex-tipo-1-igg,ANTICORPI ANTI-HERPES SIMPLEX TIPO 1 IgG,13.5,13.5,2026-06-30,13.5,28,OK
anticorpi-anti-herpes-simplex-tipo-1-2-igm,ANTICORPI ANTI-HERPES SIMPLEX TIPO 1-2 IgM,15.2,15.2,2026-06-30,15.2,24,OK
anticorpi-anti-herpes-simplex-tipo-2-igg,ANTICORPI ANTI-HERPES SIMPLEX TIPO 2 IgG,13.5,13.5,2026-06-30,13.5,29,OK
anticorpi-anti-hiv-1-2,ANTICORPI ANTI-HIV 1-2,13.0,13.0,2026-06-30,13.0,158,OK
anticorpi-anti-htlv-1-2,ANTICORPI ANTI-HTLV 1/2,48.5,48.5,2025-12-15,48.5,3,OK
anticorpi-anti-insula-pancreatica-ica,ANTICORPI ANTI-INSULA PANCREATICA (ICA),7.5,7.5,2026-04-07,7.5,3,OK
anticorpi-anti-legionella,ANTICORPI ANTI-LEGIONELLA,60.0,,,,0,NO_DATI_GIPO
anticorpi-anti-leptospira-ig-m,ANTICORPI ANTI-LEPTOSPIRA (Ig M),75.0,,,,0,NO_DATI_GIPO
anticorpi-anti-listeria,ANTICORPI ANTI-LISTERIA,28.5,,,,0,NO_DATI_GIPO
anticorpi-anti-microsoma-lkm,ANTICORPI ANTI-MICROSOMA LKM,15.0,15.0,2025-11-07,15.0,2,OK
anticorpi-anti-mitocondri-ama,ANTICORPI ANTI-MITOCONDRI (AMA),14.5,14.5,2025-11-07,14.5,3,OK
anticorpi-anti-morbillo-igg,ANTICORPI ANTI-MORBILLO IgG,12.0,12.0,2026-06-11,12.0,7,OK
anticorpi-anti-morbillo-igm,ANTICORPI ANTI-MORBILLO IgM,14.0,14.0,2026-06-11,14.0,5,OK
anticorpi-anti-muscolo-liscio-asma,ANTICORPI ANTI-MUSCOLO LISCIO (ASMA),15.0,15.0,2025-11-04,15.0,2,OK
anticorpi-anti-muscolo-striato,ANTICORPI ANTI-MUSCOLO STRIATO,44.9,44.9,2025-07-22,44.9,1,OK
anticorpi-anti-mycoplasma-pneumoniae-igg,ANTICORPI ANTI-MYCOPLASMA PNEUMONIAE IgG,18.0,18.0,2026-05-19,18.0,1,OK
anticorpi-anti-mycoplasma-pneumoniae-igm,ANTICORPI ANTI-MYCOPLASMA PNEUMONIAE IgM,18.0,18.0,2026-05-19,18.0,1,OK
anticorpi-anti-nucleo-ana,ANTICORPI ANTI-NUCLEO (ANA),13.0,13.0,2026-06-15,13.0,33,OK
anticorpi-anti-parotite-igg,ANTICORPI ANTI-PAROTITE IgG,12.9,12.9,2026-06-11,12.9,8,OK
anticorpi-anti-parotite-igm,ANTICORPI ANTI-PAROTITE IgM,12.9,12.9,2026-06-11,12.9,7,OK
anticorpi-anti-parvovirus-b19-igg,ANTICORPI ANTI-PARVOVIRUS B19 IgG,15.0,15.0,2025-07-07,15.0,1,OK
anticorpi-anti-parvovirus-b19-igm,ANTICORPI ANTI-PARVOVIRUS B19 IgM,15.0,15.0,2025-07-07,15.0,1,OK
anticorpi-anti-pertosse-igg,ANTICORPI ANTI-PERTOSSE IgG,12.5,,,,0,NO_DATI_GIPO
anticorpi-anti-pertosse-igm,ANTICORPI ANTI-PERTOSSE IgM,12.5,,,,0,NO_DATI_GIPO
anticorpi-anti-piastrine,ANTICORPI ANTI-PIASTRINE,235.5,,,,0,NO_DATI_GIPO
anticorpi-anti-proteinasi-3-pr3,ANTICORPI ANTI-PROTEINASI 3 (PR3),10.0,,,,0,NO_DATI_GIPO
anticorpi-anti-recettore-acetilcolina-achr,Anticorpi Anti-recettore Acetilcolina (AChR),62.22,62.22,2026-01-19,62.22,1,OK
anticorpi-anti-recettore-acetilcolina-nicotinico-m,ANTICORPI ANTI-RECETTORE ACETILCOLINA (NICOTINICO MUSCOLARE),110.0,,,,0,NO_DATI_GIPO
anticorpi-anti-recettori-tsh,ANTICORPI ANTI-RECETTORI TSH,35.0,35.0,2026-06-03,35.0,17,OK
anticorpi-anti-reticolina,ANTICORPI ANTI-RETICOLINA,28.0,28.0,2025-08-21,28.0,1,OK
anticorpi-antiribosoma,ANTICORPI ANTIRIBOSOMA,28.0,,,,0,NO_DATI_GIPO
anticorpi-anti-rosolia-igg,ANTICORPI ANTI-ROSOLIA IgG,11.7,11.7,2026-06-30,11.7,52,OK
anticorpi-anti-rosolia-igm,ANTICORPI ANTI-ROSOLIA IgM,11.7,11.7,2026-06-30,11.7,52,OK
anticorpi-anti-schistosoma-mansoni,ANTICORPI ANTI-SCHISTOSOMA MANSONI,28.5,,,,0,NO_DATI_GIPO
anticorpi-anti-spermatozoi,ANTICORPI ANTI-SPERMATOZOI,35.0,,,,0,NO_DATI_GIPO
anticorpi-anti-surrene,ANTICORPI ANTI-SURRENE,30.0,30.0,2026-04-29,30.0,1,OK
anticorpi-anti-tetano,ANTICORPI ANTI-TETANO,28.0,28.0,2026-02-09,28.0,4,OK
anticorpi-anti-tireoglobulina,ANTICORPI ANTI-TIREOGLOBULINA,19.9,19.9,2026-07-01,19.9,130,OK
anticorpi-anti-tireoperossidasi,ANTICORPI ANTI-TIREOPEROSSIDASI,19.9,19.9,2026-07-01,19.9,135,OK
anticorpi-anti-toxoplasma-igg,ANTICORPI ANTI-TOXOPLASMA IgG,10.5,10.5,2026-06-30,10.5,125,OK
anticorpi-anti-toxoplasma-igm,ANTICORPI ANTI-TOXOPLASMA IgM,10.5,10.5,2026-06-30,10.5,129,OK
anticorpi-anti-transglutaminasi-iga,ANTICORPI ANTI-TRANSGLUTAMINASI IgA,20.3,20.3,2026-07-01,20.3,69,OK
anticorpi-anti-transglutaminasi-igg,ANTICORPI ANTI-TRANSGLUTAMINASI IgG,21.9,21.9,2026-07-01,21.9,53,OK
anticorpi-anti-treponema-pallidum-igg,ANTICORPI ANTI-TREPONEMA PALLIDUM IgG,10.0,10.0,2026-05-14,10.0,41,OK
anticorpi-anti-treponema-pallidum-igm,ANTICORPI ANTI-TREPONEMA PALLIDUM IgM,10.0,10.0,2026-05-14,10.0,42,OK
anticorpi-anti-varicella-herpes-zoster-igg,ANTICORPI ANTI-VARICELLA (HERPES ZOSTER) IgG,13.0,13.0,2026-06-26,13.0,30,OK
anticorpi-anti-varicella-herpes-zoster-igm,ANTICORPI ANTI-VARICELLA (HERPES ZOSTER) IgM,13.0,13.0,2026-06-26,13.0,20,OK
antigene-carboidratico-ca-125,ANTIGENE CARBOIDRATICO CA 125,13.5,13.5,2026-06-29,13.5,55,OK
antigene-carboidratico-ca-15-3,ANTIGENE CARBOIDRATICO CA 15-3,13.5,13.5,2026-06-23,13.5,48,OK
antigene-carboidratico-ca-19-9,ANTIGENE CARBOIDRATICO CA 19-9,13.5,13.5,2026-06-24,13.5,59,OK
antigene-carboidratico-ca-50,ANTIGENE CARBOIDRATICO CA 50,45.9,45.9,2026-04-10,45.9,2,OK
antigene-carboidratico-ca-72-4,ANTIGENE CARBOIDRATICO CA 72-4,22.0,,,,0,NO_DATI_GIPO
antigene-carcinoembrionale-cea,ANTIGENE CARCINOEMBRIONALE (CEA),10.0,10.0,2026-06-24,10.0,61,OK
antigene-hbeag,ANTIGENE HBeAg,15.0,,,,0,NO_DATI_GIPO
antigene-polipeptidico-tissutale-tpa,ANTIGENE POLIPEPTIDICO TISSUTALE (TPA),21.5,,,,0,NO_DATI_GIPO
antigene-prostatico-specifico-psa-totale,ANTIGENE PROSTATICO SPECIFICO (PSA) TOTALE,10.0,10.0,2026-06-23,10.0,91,OK
antimicogramma,ANTIMICOGRAMMA,30.0,30.0,2026-05-05,30.0,8,OK
antimieloperossidasi-mpo,ANTIMIELOPEROSSIDASI (MPO),28.0,,,,0,NO_DATI_GIPO
antimonio-urine-f-t,ANTIMONIO URINE F.T.,22.0,,,,0,NO_DATI_GIPO
antiproteinasi-3-pr3,ANTIPROTEINASI 3 (PR3),10.0,,,,0,NO_DATI_GIPO
antitrombina,ANTITROMBINA,4.0,4.0,2026-06-29,4.0,83,OK
ape-apis-mellifera-ige-specifiche,APE (APIS MELLIFERA) (IgE SPECIFICHE),12.5,12.5,2026-01-29,12.5,4,OK
apolipoproteina-a1,APOLIPOPROTEINA A1,13.0,13.0,2026-05-18,13.0,8,OK
apolipoproteina-b,APOLIPOPROTEINA B,12.0,12.0,2026-03-20,12.0,15,OK
aptoglobina,APTOGLOBINA,9.5,9.5,2025-11-07,9.5,2,OK
arachide-ige-specifiche,ARACHIDE (IgE SPECIFICHE),12.5,12.5,2025-09-13,12.5,2,OK
aragosta-ige-specifiche,ARAGOSTA (IgE SPECIFICHE),12.5,,,,0,NO_DATI_GIPO
arancia-ige-specifiche,ARANCIA (IgE SPECIFICHE),12.5,,,,0,NO_DATI_GIPO
argento-ematico,ARGENTO EMATICO,56.2,,,,0,NO_DATI_GIPO
argento-urine-f-t,ARGENTO URINE F.T.,318.3,,,,0,NO_DATI_GIPO
aringa-ige-specifiche,ARINGA (IgE SPECIFICHE),19.0,,,,0,NO_DATI_GIPO
arsenico-urine-f-t,ARSENICO URINE F.T.,34.2,,,,0,NO_DATI_GIPO
asca-anticorpi-anti-saccharomyces-cerevisiae-iga,ASCA - ANTICORPI ANTI-SACCHAROMYCES CEREVISIAE IgA,31.0,31.0,2026-06-22,31.0,1,OK
asca-anticorpi-anti-saccharomyces-cerevisiae-igg,ASCA - ANTICORPI ANTI-SACCHAROMYCES CEREVISIAE IgG,33.4,33.4,2026-06-22,33.4,1,OK
asparago-ige-specifiche,ASPARAGO (IgE SPECIFICHE),19.0,,,,0,NO_DATI_GIPO
aspergillus-fumigatus-ige-specifiche,ASPERGILLUS FUMIGATUS (IgE SPECIFICHE),12.5,12.5,2026-05-05,12.5,2,OK
aspergillus-niger-ige-specifiche,ASPERGILLUS NIGER (IgE SPECIFICHE),14.0,14.0,2026-03-13,14.0,1,OK
assenzio-artemisia-absinthium-ige-specifiche,ASSENZIO (ARTEMISIA ABSINTHIUM) (IgE SPECIFICHE),12.5,12.5,2025-07-18,12.5,1,OK
assenzio-selvatico-artemisia-vulgaris-ige-specific,ASSENZIO SELVATICO (ARTEMISIA VULGARIS) (IgE SPECIFICHE),12.5,12.5,2025-07-18,12.5,1,OK
atrofia-muscolare-spinale,ATROFIA MUSCOLARE SPINALE,130.0,130.0,2026-06-16,130.0,1,OK
avena-avena-sativa-ige-specifiche,AVENA (AVENA SATIVA) (IgE SPECIFICHE),12.5,,,,0,NO_DATI_GIPO
avena-ige-specifiche,AVENA (IgE SPECIFICHE),12.5,12.5,2026-04-30,12.5,1,OK
azotemia,AZOTEMIA,1.99,1.99,2026-06-27,1.99,242,OK
azoturia-urine-24h,AZOTURIA URINE 24H,3.5,3.5,2026-06-24,3.5,1,OK
bambagiona-holcus-lanatus-ige-specifiche,BAMBAGIONA (HOLCUS LANATUS) (IgE SPECIFICHE),12.5,,,,0,NO_DATI_GIPO
banana-ige-specifiche,BANANA (IgE SPECIFICHE),12.5,,,,0,NO_DATI_GIPO
barbiturici-sierici,BARBITURICI SIERICI,15.0,,,,0,NO_DATI_GIPO
bario-urine-f-t,BARIO URINE F.T.,322.0,,,,0,NO_DATI_GIPO
bartonella-ricerca-anticorpi-igg-e-igm,BARTONELLA RICERCA ANTICORPI IgG e IgM,33.5,33.5,2025-07-21,33.5,1,OK
basilico-ige-specifiche,BASILICO (IgE SPECIFICHE),19.0,,,,0,NO_DATI_GIPO
benzene-ematico,BENZENE EMATICO,23.1,,,,0,NO_DATI_GIPO
benzene-urine-f-t,BENZENE URINE F.T.,23.1,,,,0,NO_DATI_GIPO
benzene-urine-i-t,BENZENE URINE I.T.,23.1,,,,0,NO_DATI_GIPO
benzodiazepine-sieriche,BENZODIAZEPINE SIERICHE,15.0,15.0,2026-04-16,15.0,1,OK
benzodiazepine-urinarie,BENZODIAZEPINE URINARIE,20.0,20.0,2026-04-24,20.0,21,OK
beta-2-microglobulina-sierica,BETA 2 MICROGLOBULINA SIERICA,12.0,12.0,2026-06-16,12.0,10,OK
beta-2-microglobulina-urine-24h,BETA 2 MICROGLOBULINA URINE 24H,13.5,,,,0,NO_DATI_GIPO
beta-2-microglobulina-urine-f-t,BETA 2 MICROGLOBULINA URINE F.T.,13.5,,,,0,NO_DATI_GIPO
beta-hcg-plasmatico,BETA HCG PLASMATICO,15.5,15.5,2026-07-01,15.5,536,OK
beta-lattoglobulina-ige-specifiche,BETA LATTOGLOBULINA (IgE SPECIFICHE),12.5,12.5,2025-08-26,12.5,1,OK
betulla-betula-verrucosa-ige-specifiche,BETULLA (BETULA VERRUCOSA) (IgE SPECIFICHE),12.5,12.5,2025-09-13,12.5,1,OK
bicarbonati,BICARBONATI,4.0,4.0,2026-02-23,4.0,3,OK
bilirubina-diretta,BILIRUBINA DIRETTA,2.5,2.5,2026-06-29,2.5,299,OK
bilirubina-totale,BILIRUBINA TOTALE,3.5,3.5,2026-06-29,3.5,324,OK
bnp,BNP,70.0,70.0,2026-05-15,30.3,27,OK
botrytis-cinerea-ige-specifiche,BOTRYTIS CINEREA (IgE SPECIFICHE),19.0,,,,0,NO_DATI_GIPO
brca-plus,BRCA PLUS,350.0,620.0,2026-02-02,350.0,10,OK
breath-test-al-lattosio,BREATH TEST AL LATTOSIO,59.0,59.0,2026-07-01,59.0,150,OK
breath-test-glucosio,BREATH TEST GLUCOSIO,61.0,,,,0,NO_DATI_GIPO
breath-test-helicobacter,Breath Test Helicobacter,65.0,65.0,2026-06-30,65.0,60,OK
broccoli-ige-specifiche,BROCCOLI (IgE SPECIFICHE),19.0,,,,0,NO_DATI_GIPO
c-peptide,C PEPTIDE,13.0,13.0,2026-04-18,13.0,4,OK
c-peptide-profilo,C PEPTIDE PROFILO,12.5,,,,0,NO_DATI_GIPO
c1-esterasi-inibitore,C1 ESTERASI INIBITORE,51.0,,,,0,NO_DATI_GIPO
c1-inattivatore,C1 INATTIVATORE,22.0,22.0,2026-05-04,22.0,1,OK
cacao-ige-specifiche,CACAO (IgE SPECIFICHE),12.5,12.5,2026-03-02,12.5,1,OK
cadmio-ematico,CADMIO EMATICO,25.0,25.0,2026-01-30,25.0,1,OK
cadmio-urine-f-t,CADMIO URINE F.T.,20.0,,,,0,NO_DATI_GIPO
caffe-ige-specifiche,CAFFE' (IgE SPECIFICHE),12.5,,,,0,NO_DATI_GIPO
calabrone-bianco-dolichovespula-maculata-ige-speci,CALABRONE BIANCO (DOLICHOVESPULA MACULATA) (IgE SPECIFICHE),12.5,,,,0,NO_DATI_GIPO
calabrone-europeo-vespa-cabro-ige-specifiche,CALABRONE EUROPEO (VESPA CABRO) (IgE SPECIFICHE),12.5,12.5,2025-07-22,12.5,1,OK
calabrone-giallo-dolichovespula-arenaria-ige-speci,CALABRONE GIALLO (DOLICHOVESPULA ARENARIA) (IgE SPECIFICHE),12.5,,,,0,NO_DATI_GIPO
calamaro-ige-specifiche,CALAMARO (IgE SPECIFICHE),12.5,14.0,2026-06-05,14.0,3,MISMATCH
calcio,CALCIO,3.5,3.5,2026-06-29,3.5,216,OK
calcio-ionizzato,CALCIO IONIZZATO,10.0,10.0,2026-05-02,10.0,2,OK
calcitonina,CALCITONINA,18.0,18.0,2026-07-01,18.0,27,OK
calciuria-urine-24h,CALCIURIA URINE 24H,3.8,3.8,2026-03-19,3.8,2,OK
calciuria-urine-spot,CALCIURIA URINE SPOT,3.5,,,,0,NO_DATI_GIPO
calprotectina-fecale-quantitativa,CALPROTECTINA FECALE QUANTITATIVA,28.0,28.0,2026-06-30,28.0,59,OK
candida-albicans-ige-specifiche,CANDIDA ALBICANS (IgE SPECIFICHE),12.5,,,,0,NO_DATI_GIPO
canna-di-palude-phragmites-communis-ige-specifiche,CANNA DI PALUDE (PHRAGMITES COMMUNIS) (IgE SPECIFICHE),19.0,,,,0,NO_DATI_GIPO
cannabinoidi-test-di-conferma,CANNABINOIDI - TEST DI CONFERMA,168.2,,,,0,NO_DATI_GIPO
cannabinoidi-matrice-pilifera-valenza-clinica,CANNABINOIDI MATRICE PILIFERA (VALENZA CLINICA),250.0,250.0,2025-10-17,200.0,2,OK
cannarecchia-sorghum-halepense-ige-specifiche,CANNARECCHIA (SORGHUM HALEPENSE) (IgE SPECIFICHE),19.0,,,,0,NO_DATI_GIPO
capesanta-ige-specifiche,CAPESANTA (IgE SPECIFICHE),19.0,,,,0,NO_DATI_GIPO
carbamazepina,CARBAMAZEPINA,15.5,,,,0,NO_DATI_GIPO
carbossiemoglobina,CARBOSSIEMOGLOBINA,12.0,,,,0,NO_DATI_GIPO
carcinoma-cellule-squamose-scc-ta4,CARCINOMA CELLULE SQUAMOSE (SCC) (TA4),85.0,,,,0,NO_DATI_GIPO
cariotipo-metafase-linfocitario,CARIOTIPO METAFASE LINFOCITARIO,180.0,,,,0,NO_DATI_GIPO
cariotipo-su-sangue-periferico-citogenetica-classi,Cariotipo su sangue periferico (citogenetica classica),99.0,99.0,2026-05-13,99.0,18,OK
cariotipo-su-sangue-periferico-citogenetica-classi,Cariotipo su sangue periferico (citogenetica classica) – pannello di coppia,190.0,190.0,2026-06-24,190.0,21,OK
carne-bovina-ige-specifiche,CARNE BOVINA (IgE SPECIFICHE),14.0,,,,0,NO_DATI_GIPO
carne-di-bue-ige-specifiche,CARNE DI BUE (IgE SPECIFICHE),12.5,,,,0,NO_DATI_GIPO
carne-di-coniglio-ige-specifiche,CARNE DI CONIGLIO (IgE SPECIFICHE),14.0,,,,0,NO_DATI_GIPO
carne-di-montone-ige-specifiche,CARNE DI MONTONE (IgE SPECIFICHE),19.0,,,,0,NO_DATI_GIPO
carne-di-pollo-ige-specifiche,CARNE DI POLLO (IgE SPECIFICHE),12.5,,,,0,NO_DATI_GIPO
carne-di-tacchino-ige-specifiche,CARNE DI TACCHINO (IgE SPECIFICHE),12.5,,,,0,NO_DATI_GIPO
carota-ige-specifiche,CAROTA (IgE SPECIFICHE),12.5,,,,0,NO_DATI_GIPO
carpino-bianco-carpinus-betulus-ige-specifiche,CARPINO BIANCO (CARPINUS BETULUS) (IgE SPECIFICHE),19.0,,,,0,NO_DATI_GIPO
carrieradvance-plus-pannello-di-coppia,CARRIERADVANCE PLUS (Pannello di coppia),490.0,,,,0,NO_DATI_GIPO
caseina-ige-specifiche,CASEINA (IgE SPECIFICHE),15.0,15.0,2025-08-07,15.0,2,OK
castagna-ige-specifiche,CASTAGNA (IgE SPECIFICHE),19.0,,,,0,NO_DATI_GIPO
catecolamine-urinarie-24h,CATECOLAMINE URINARIE 24H,35.0,,,,0,NO_DATI_GIPO
catene-leggere-kappa-e-lambda-siero,CATENE LEGGERE KAPPA E LAMBDA SIERO,46.8,46.8,2026-05-28,46.8,5,OK
cavolini-di-bruxelles-ige-specifiche,CAVOLINI DI BRUXELLES (IgE SPECIFICHE),19.0,,,,0,NO_DATI_GIPO
cavolo-ige-specifiche,CAVOLO (IgE SPECIFICHE),12.5,,,,0,NO_DATI_GIPO
cdt-transferrina-carboidrato-carente-desialata,CDT - TRANSFERRINA CARBOIDRATO CARENTE DESIALATA,45.0,45.0,2026-06-25,45.0,61,OK
ceruloplasmina,CERULOPLASMINA,15.0,15.0,2026-05-20,15.0,2,OK
cetriolo-ige-specifiche,CETRIOLO (IgE SPECIFICHE),19.0,,,,0,NO_DATI_GIPO
check-uomo-analisi,CHECK UOMO ANALISI,98.0,,,,0,NO_DATI_GIPO
check-up-bambino,Check up  BAMBINO,59.9,,,,0,NO_DATI_GIPO
check-up-uomo-under-40,Check up  uomo under 40,75.0,75.0,2026-06-10,75.0,7,OK
check-up-base,Check Up base,55.0,55.0,2026-06-22,55.0,12,OK
check-up-donna,CHECK UP DONNA,113.0,,,,0,NO_DATI_GIPO
check-up-donna-over-40,Check up donna over 40,125.0,125.0,2026-06-17,125.0,10,OK
check-up-pre-gravidanza,CHECK UP PRE GRAVIDANZA,185.0,,,,0,NO_DATI_GIPO
check-up-profilo-epatico,CHECK UP PROFILO EPATICO,75.0,75.0,2025-09-20,75.0,1,OK
check-up-renale,CHECK UP RENALE,29.0,,,,0,NO_DATI_GIPO
check-up-sport,CHECK UP SPORT,81.0,,,,0,NO_DATI_GIPO
check-up-tiroide-base,Check up Tiroide base,37.0,37.0,2026-03-07,37.0,1,OK
check-up-tiroide-plus,Check up Tiroide Plus,87.0,59.0,2026-05-19,87.0,3,OK
check-up-uomo-dirigenti-bds,check up uomo dirigenti bds,57.34,,,,0,NO_DATI_GIPO
check-up-uomo-over-40,Check up uomo over 40,124.9,124.9,2026-06-23,124.9,9,OK
check-up-uomo-platamona,CHECK UP UOMO PLATAMONA,114.04,,,,0,NO_DATI_GIPO
check-up-cardio-pre-visita,Check-Up Cardio (pre visita),112.73,,,,0,NO_DATI_GIPO
check-up-donna-under-40,Check-up donna under 40,97.0,97.0,2026-04-18,97.0,3,OK
chimotripsina-feci,CHIMOTRIPSINA (FECI),29.0,,,,0,NO_DATI_GIPO
cicloesano-urine-f-t,CICLOESANO URINE F.T.,28.4,,,,0,NO_DATI_GIPO
cicloesanolo-urine-f-t,CICLOESANOLO URINE F.T.,28.4,,,,0,NO_DATI_GIPO
ciclosporina,CICLOSPORINA,30.0,,,,0,NO_DATI_GIPO
ciliegia-ige-specifiche,CILIEGIA (IgE SPECIFICHE),12.5,,,,0,NO_DATI_GIPO
cioccolato-ige-specifiche,CIOCCOLATO (IgE SPECIFICHE),12.5,12.5,2026-03-02,12.5,1,OK
cipolla-ige-specifiche,CIPOLLA (IgE SPECIFICHE),12.5,,,,0,NO_DATI_GIPO
cipresso-cupressus-sempervirens-ige-specifiche,CIPRESSO (CUPRESSUS SEMPERVIRENS) (IgE SPECIFICHE),12.5,12.5,2025-09-11,12.5,1,OK
cistatina-c,CISTATINA C,21.0,21.0,2026-06-27,21.0,10,OK
cisticercosi-tenia-solium-anticorpi,CISTICERCOSI (TENIA SOLIUM) ANTICORPI,148.5,,,,0,NO_DATI_GIPO
cistina-urinaria,CISTINA URINARIA,121.0,,,,0,NO_DATI_GIPO
citomegalovirus-avidita-igg,CITOMEGALOVIRUS AVIDITA' IgG,35.5,35.5,2026-04-01,35.5,6,OK
citomegalovirus-dna-quantitativo,CITOMEGALOVIRUS DNA QUANTITATIVO,70.0,,,,0,NO_DATI_GIPO
citrato-urine-24h,CITRATO URINE 24H,19.0,19.0,2026-06-22,19.0,1,OK
ckmb,ckmb,18.5,,,,0,NO_DATI_GIPO
ck-mb,CK-MB,18.5,18.5,2026-04-07,18.5,1,OK
ck-mb-massa,CK-MB MASSA,55.0,,,,0,NO_DATI_GIPO
cladosporium-herbarum-ige-specifiche,CLADOSPORIUM HERBARUM (IgE SPECIFICHE),12.5,,,,0,NO_DATI_GIPO
clearance-della-creatinina,CLEARANCE DELLA CREATININA,5.0,5.0,2026-05-11,5.0,8,OK
cloro,CLORO,5.5,5.5,2026-06-26,5.5,85,OK
cloro-urine-24h,CLORO URINE 24H,3.5,,,,0,NO_DATI_GIPO
cloroformio-urine-f-t,CLOROFORMIO URINE F.T.,20.0,,,,0,NO_DATI_GIPO
clostridium-difficile-ricerca-tossina-a-e-b,CLOSTRIDIUM DIFFICILE RICERCA TOSSINA A e B,43.9,43.9,2026-03-14,43.9,2,OK
clostridium-difficile-ricerca-tossina-b,CLOSTRIDIUM DIFFICILE RICERCA TOSSINA B,43.9,43.9,2025-07-18,43.9,2,OK
clozapina-sierica,CLOZAPINA SIERICA,79.8,,,,0,NO_DATI_GIPO
cobalto-plasmatico,COBALTO PLASMATICO,20.0,,,,0,NO_DATI_GIPO
cobalto-urine-f-t,COBALTO URINE F.T.,20.0,,,,0,NO_DATI_GIPO
cobalto-urine-i-t,COBALTO URINE I.T.,20.0,,,,0,NO_DATI_GIPO
cocaina-test-di-conferma,COCAINA - TEST DI CONFERMA,168.0,,,,0,NO_DATI_GIPO
cocaina-matrice-pilifera-valenza-clinica,COCAINA MATRICE PILIFERA (VALENZA CLINICA),200.0,200.0,2026-05-04,200.0,2,OK
coda-di-topo-phleum-pratense-ige-specifiche,CODA DI TOPO (PHLEUM PRATENSE) (IgE SPECIFICHE),12.5,,,,0,NO_DATI_GIPO
codina-dei-prati-alopecurus-pratensis-ige-specific,CODINA DEI PRATI (ALOPECURUS PRATENSIS) (IgE SPECIFICHE),19.0,,,,0,NO_DATI_GIPO
coenzima-q10,COENZIMA Q10,123.0,123.0,2026-05-12,123.0,2,OK
colesterolo-hdl,COLESTEROLO HDL,2.4,2.4,2026-06-30,2.4,574,OK
colesterolo-ldl,COLESTEROLO LDL,2.0,2.0,2026-06-30,2.0,370,OK
colesterolo-non-hdl,COLESTEROLO NON HDL,1.85,,,,0,NO_DATI_GIPO
colesterolo-totale,COLESTEROLO TOTALE,2.5,2.5,2026-06-30,2.5,593,OK
colesterolo-vldl,COLESTEROLO VLDL,40.0,,,,0,NO_DATI_GIPO
colinesterasi-che,COLINESTERASI (CHE),3.9,3.9,2026-06-09,3.9,13,OK
colinesterasi-pseudocolinesterasi,COLINESTERASI (PSEUDOCOLINESTERASI),3.8,3.8,2026-02-04,3.8,5,OK
colinesterasi-eritrocitaria,COLINESTERASI ERITROCITARIA,23.9,,,,0,NO_DATI_GIPO
complemento-c1q,COMPLEMENTO C1q,31.0,,,,0,NO_DATI_GIPO
complemento-c3,COMPLEMENTO C3,8.3,8.3,2026-06-24,8.3,20,OK
complemento-c3-proattivatore,COMPLEMENTO C3 PROATTIVATORE,10.9,,,,0,NO_DATI_GIPO
complemento-c4,COMPLEMENTO C4,8.3,8.3,2026-06-24,8.3,20,OK
conta-eosinofili,CONTA EOSINOFILI,4.5,,,,0,NO_DATI_GIPO
copeptina-pro-avp,COPEPTINA PRO AVP,84.2,84.2,2026-05-18,84.2,1,OK
cortisolo-plasmatico,CORTISOLO PLASMATICO,16.0,16.0,2026-06-18,16.0,55,OK
cortisolo-salivare,Cortisolo Salivare,36.0,36.0,2025-10-20,36.0,3,OK
cortisolo-urine-24h,CORTISOLO URINE 24H,12.0,12.0,2026-06-29,12.0,2,OK
coxackie-virus-b1-b2-b3-b4-b5-b6-anticorpi-igg,COXACKIE VIRUS (B1 B2 B3 B4 B5 B6) ANTICORPI IgG,130.0,,,,0,NO_DATI_GIPO
coxackie-virus-b1-b2-b3-b4-b5-b6-anticorpi-igm,COXACKIE VIRUS (B1 B2 B3 B4 B5 B6) ANTICORPI IgM,120.0,,,,0,NO_DATI_GIPO
creatinchinasi-ck,CREATINCHINASI (CK),2.5,2.5,2026-06-30,2.5,124,OK
creatinina,CREATININA,2.0,2.0,2026-06-29,2.0,791,OK
creatinina-urinaria,CREATININA URINARIA,2.8,2.8,2026-05-11,2.8,1,OK
creatinuria-urine-24h,CREATINURIA URINE 24H,3.2,3.2,2026-01-21,3.2,4,OK
crioglobuline,CRIOGLOBULINE,8.0,8.0,2025-12-29,8.0,2,OK
criptomeria-cryptomeria-japonica-ige-specifiche,CRIPTOMERIA (CRYPTOMERIA JAPONICA) (IgE SPECIFICHE),19.0,,,,0,NO_DATI_GIPO
cromo-ematico,CROMO EMATICO,15.9,15.9,2026-03-06,15.9,1,OK
cromo-urine-f-t,CROMO URINE F.T.,20.0,,,,0,NO_DATI_GIPO
cromo-urine-i-t,CROMO URINE I.T.,20.0,,,,0,NO_DATI_GIPO
cromogranina-a,CROMOGRANINA A,79.9,,,,0,NO_DATI_GIPO
crostacei-ige,CROSTACEI (IGE),18.0,18.0,2025-09-13,18.0,1,OK
cumino-ige-specifiche,CUMINO (IgE SPECIFICHE),19.0,,,,0,NO_DATI_GIPO
cupremia-rame,CUPREMIA (RAME),9.0,9.0,2026-05-28,9.0,10,OK
cupruria-urine-24h,CUPRURIA (URINE 24H),10.5,,,,0,NO_DATI_GIPO
curry-ige-specifiche,CURRY (IgE SPECIFICHE),19.0,,,,0,NO_DATI_GIPO
curva-da-carico-di-glucosio,Curva da carico di GLUCOSIO,50.0,50.0,2026-06-01,50.0,15,OK
curva-da-carico-di-glucosio-arancia,Curva da carico di GLUCOSIO (ARANCIA),75.0,,,,0,NO_DATI_GIPO
curva-insulinemica,CURVA INSULINEMICA,45.0,45.0,2026-05-19,45.0,16,OK
curva-insulinemica-6-determinazioni,Curva insulinemica 6 determinazioni,60.0,60.0,2026-06-19,60.0,9,OK
cyfra-21-1,CYFRA 21-1,27.0,27.0,2026-03-14,27.0,3,OK
dao-test,DAO TEST,112.0,112.0,2026-06-30,112.0,9,OK
d-dimero,D-DIMERO,13.5,13.5,2026-06-03,13.5,25,OK
delta-4-androstenedione,DELTA-4-ANDROSTENEDIONE,12.0,12.0,2026-06-11,12.0,24,OK
dengue-igg,DENGUE IgG,41.0,,,,0,NO_DATI_GIPO
dengue-igm,DENGUE IgM,41.0,,,,0,NO_DATI_GIPO
dente-di-leone-taraxacum-vulgare-ige-specifiche,DENTE DI LEONE (TARAXACUM VULGARE) (IgE SPECIFICHE),12.5,,,,0,NO_DATI_GIPO
dermatofiti-cute-tampone,DERMATOFITI CUTE TAMPONE,55.0,,,,0,NO_DATI_GIPO
dermatophagoides-farinae-ige-specifiche,DERMATOPHAGOIDES FARINAE (IgE SPECIFICHE),12.5,15.0,2026-06-16,15.0,1,MISMATCH
dermatophagoides-microceras-ige-specifiche,DERMATOPHAGOIDES MICROCERAS (IgE SPECIFICHE),19.0,,,,0,NO_DATI_GIPO
dermatophagoides-pteronyssinus-ige-specifiche,DERMATOPHAGOIDES PTERONYSSINUS (IgE SPECIFICHE),12.5,15.0,2026-06-16,12.5,2,OK
desossipiridinolina-urine-24h,DESOSSIPIRIDINOLINA URINE 24H,45.0,,,,0,NO_DATI_GIPO
dhea-deidroepiandrosterone,DHEA (DEIDROEPIANDROSTERONE),12.5,12.5,2026-06-03,12.5,6,OK
dhea-s-deidroepiandrosterone-solfato,DHEA-S (DEIDROEPIANDROSTERONE SOLFATO),17.5,17.5,2026-06-16,17.5,36,OK
diagnosi-molecolare-di-emocromatosi-varianti-c282y,DIAGNOSI MOLECOLARE DI EMOCROMATOSI (VARIANTI C282Y E H63D NEL GENE HFE),235.0,,,,0,NO_DATI_GIPO
digossina,DIGOSSINA,16.5,,,,0,NO_DATI_GIPO
diidrotestosterone-dht,DIIDROTESTOSTERONE (DHT),30.0,30.0,2026-06-11,28.0,8,OK
disbiosi-test,DISBIOSI TEST,90.0,,,,0,NO_DATI_GIPO
disomia-uniparentale-upd-family-test,DISOMIA UNIPARENTALE (UPD)- FAMILY TEST,320.0,,,,0,NO_DATI_GIPO
distrofia-miotonica-dmpk,DISTROFIA MIOTONICA- DMPK,130.0,,,,0,NO_DATI_GIPO
distrofia-muscolare-dmd-dmb-mpla-test,DISTROFIA MUSCOLARE DMD/DMB - MPLA TEST,200.0,,,,0,NO_DATI_GIPO
dopamina,DOPAMINA,39.0,,,,0,NO_DATI_GIPO
dopamina-urine-24h,DOPAMINA URINE 24H,31.9,,,,0,NO_DATI_GIPO
dosaggio-prolattina,DOSAGGIO PROLATTINA,15.0,15.0,2026-06-29,15.0,47,OK
drom-test,DROM TEST,37.0,,,,0,NO_DATI_GIPO
drug-test-2-livello,DRUG TEST 2 LIVELLO,25.0,25.0,2025-12-03,25.0,1,OK
drug-test,DRUG-TEST,25.0,25.0,2026-06-30,25.0,51,OK
e-coli-o-157-nelle-feci,E. COLI O:157 NELLE FECI,35.0,,,,0,NO_DATI_GIPO
ebna,EBNA,15.0,,,,0,NO_DATI_GIPO
echiniococco-igg,ECHINIOCOCCO IGG,26.0,,,,0,NO_DATI_GIPO
echinococco-abs-screening,ECHINOCOCCO ABS SCREENING,16.5,,,,0,NO_DATI_GIPO
ecp-proteina-cationica-eosinofila-ecp,ECP Proteina Cationica Eosinofila (ECP),79.0,,,,0,NO_DATI_GIPO
egfr-velocit-di-filtrazione-glomerulare,eGFR - Velocità di Filtrazione Glomerulare,5.5,5.5,2026-06-16,5.5,21,OK
elastasi-1-pancreatica-fecale,ELASTASI 1 PANCREATICA FECALE,50.0,50.0,2026-06-22,50.0,6,OK
elettroforesi-emoglobina-hb,ELETTROFORESI EMOGLOBINA (Hb),13.0,13.0,2026-06-30,13.0,39,OK
elettroforesi-proteica,ELETTROFORESI PROTEICA,10.5,10.5,2026-06-29,10.5,233,OK
elettroforesi-proteine-urinarie,ELETTROFORESI PROTEINE URINARIE,15.0,15.0,2026-02-11,15.0,1,OK
emocromatosi,EMOCROMATOSI,130.0,,,,0,NO_DATI_GIPO
emocromo,Emocromo,6.5,6.5,2026-07-01,6.5,1119,OK
emocromo,EMOCROMO,6.5,6.5,2026-07-01,6.5,1119,OK
emocromo-in-citrato,EMOCROMO IN CITRATO,8.0,8.0,2026-06-16,8.0,4,OK
emoglobina-glicata-hba1c,EMOGLOBINA GLICATA (HbA1c),12.0,12.0,2026-06-26,12.0,232,OK
emopessina,EMOPESSINA,30.0,,,,0,NO_DATI_GIPO
ena-antigene-ssb-la-abs,ENA ANTIGENE SSB (LA) ABS,21.0,,,,0,NO_DATI_GIPO
ena-profile,ENA PROFILE,150.0,120.0,2026-06-23,130.0,5,MISMATCH
endobiome-endometrial-microbiome-analysis,ENDOBIOME Endometrial microbiome analysis,280.0,280.0,2026-06-26,280.0,14,OK
endorecept-endobiome,Endorecept + Endobiome,880.0,,,,0,NO_DATI_GIPO
endorecept-endometrial-receptivity-test,Endorecept Endometrial receptivity test,600.0,,,,0,NO_DATI_GIPO
enolasi-neuronale-specifica-nse,ENOLASI NEURONALE SPECIFICA (NSE),25.0,25.0,2026-02-24,25.0,2,OK
enterovirus-poliovirus-anticorpi,ENTEROVIRUS (POLIOVIRUS) ANTICORPI,123.9,,,,0,NO_DATI_GIPO
epatite-e-igg,EPATITE E IgG,58.0,,,,0,NO_DATI_GIPO
epitelio-cane-ige-specifiche,EPITELIO CANE (IgE SPECIFICHE),12.5,,,,0,NO_DATI_GIPO
epitelio-coniglio-ige-specifiche,EPITELIO CONIGLIO (IgE SPECIFICHE),12.5,,,,0,NO_DATI_GIPO
epitelio-di-capra-ige-specifiche,EPITELIO DI CAPRA (IgE SPECIFICHE),19.0,,,,0,NO_DATI_GIPO
epitelio-di-cavia-ige-specifiche,EPITELIO DI CAVIA (IgE SPECIFICHE),19.0,,,,0,NO_DATI_GIPO
epitelio-di-criceto-ige-specifiche,EPITELIO DI CRICETO (IgE SPECIFICHE),19.0,,,,0,NO_DATI_GIPO
epitelio-di-maiale-ige-specifiche,EPITELIO DI MAIALE (IgE SPECIFICHE),19.0,,,,0,NO_DATI_GIPO
epitelio-di-pecora,EPITELIO DI PECORA,18.0,,,,0,NO_DATI_GIPO
epitelio-di-ratto-ige-specifiche,EPITELIO DI RATTO (IgE SPECIFICHE),19.0,,,,0,NO_DATI_GIPO
epitelio-di-topo-ige-specifiche,EPITELIO DI TOPO (IgE SPECIFICHE),19.0,,,,0,NO_DATI_GIPO
epitelio-gatto-ige-specifiche,EPITELIO GATTO (IgE SPECIFICHE),12.5,,,,0,NO_DATI_GIPO
epitelio-lana-di-pecora-ige-specifiche,EPITELIO/LANA DI PECORA (IgE SPECIFICHE),19.0,,,,0,NO_DATI_GIPO
epstein-barr-virus-dna,EPSTEIN BARR VIRUS DNA,108.0,,,,0,NO_DATI_GIPO
erba-canina-cynodon-dactylon-ige-specifiche,ERBA CANINA (CYNODON DACTYLON) (IgE SPECIFICHE),12.5,,,,0,NO_DATI_GIPO
erba-cannuccia-agrostis-alba-ige-specifiche,ERBA CANNUCCIA (AGROSTIS ALBA) (IgE SPECIFICHE),19.0,,,,0,NO_DATI_GIPO
erba-mazzolina-dactylis-glomerata-ige-specifiche,ERBA MAZZOLINA (DACTYLIS GLOMERATA) (IgE SPECIFICHE),12.5,,,,0,NO_DATI_GIPO
erba-parietaria-ige-specifiche,ERBA PARIETARIA (IgE SPECIFICHE),12.5,12.5,2025-07-18,12.5,1,OK
erba-vetriola-parietaria-officinalis-ige-specifich,ERBA VETRIOLA (PARIETARIA OFFICINALIS) (IgE SPECIFICHE),12.5,12.5,2025-07-18,12.5,1,OK
eritropoietina,ERITROPOIETINA,22.9,22.9,2026-02-23,22.9,2,OK
esame,ESAME,9.5,,,,0,NO_DATI_GIPO
esame-chimico-del-calcolo-renale,ESAME CHIMICO DEL CALCOLO RENALE,35.0,35.0,2025-11-06,35.0,3,OK
esame-chimico-fisico-delle-urine,ESAME CHIMICO FISICO DELLE URINE,5.95,5.95,2026-06-29,5.95,558,OK
esame-citologico-urine,ESAME CITOLOGICO URINE,60.0,,,,0,NO_DATI_GIPO
esame-citologico-urine-campione-1,ESAME CITOLOGICO URINE CAMPIONE 1,20.0,20.0,2026-03-04,20.0,2,OK
esame-citologico-urine-campione-2,ESAME CITOLOGICO URINE CAMPIONE 2,20.0,20.0,2026-03-04,20.0,2,OK
esame-citologico-urine-campione-3,ESAME CITOLOGICO URINE CAMPIONE 3,20.0,20.0,2026-03-04,20.0,2,OK
esame-colturale-ricerca-clamydia-su-tampone-vagina,ESAME COLTURALE  RICERCA CLAMYDIA su TAMPONE VAGINALE,9.5,9.5,2026-03-19,9.5,1,OK
esame-colturale-clostridium-difficile,ESAME COLTURALE CLOSTRIDIUM DIFFICILE,35.0,,,,0,NO_DATI_GIPO
esame-colturale-del-liquido-articolare,ESAME COLTURALE DEL LIQUIDO ARTICOLARE,70.0,,,,0,NO_DATI_GIPO
esame-colturale-delle-feci-coprocoltura-completo,ESAME COLTURALE DELLE FECI (COPROCOLTURA) COMPLETO,22.0,22.0,2026-06-24,22.0,27,OK
esame-colturale-dell-urina-urinocoltura,ESAME COLTURALE DELL'URINA (URINOCOLTURA),12.5,12.5,2026-06-30,12.5,451,OK
esame-colturale-materiale-liquido,ESAME COLTURALE MATERIALE LIQUIDO,50.0,,,,0,NO_DATI_GIPO
esame-colturale-pus,ESAME COLTURALE PUS,70.0,,,,0,NO_DATI_GIPO
esame-colturale-squame-cutanee,ESAME COLTURALE SQUAME CUTANEE,9.5,9.5,2025-12-23,9.5,7,OK
esame-colturale-tampone-anale,ESAME COLTURALE TAMPONE ANALE,40.0,,,,0,NO_DATI_GIPO
esame-colturale-tampone-auricolare-destro,ESAME COLTURALE TAMPONE AURICOLARE DESTRO,18.0,18.0,2026-06-15,18.0,5,OK
esame-colturale-tampone-auricolare-sinistro,ESAME COLTURALE TAMPONE AURICOLARE SINISTRO,18.0,18.0,2026-06-15,18.0,3,OK
esame-colturale-tampone-balano-prepuziale-completo,ESAME COLTURALE TAMPONE BALANO PREPUZIALE COMPLETO,55.0,55.0,2026-06-18,55.0,14,OK
esame-colturale-tampone-cervicale,ESAME COLTURALE TAMPONE CERVICALE,8.5,8.5,2026-06-18,8.5,35,OK
esame-colturale-tampone-congiuntivale-destro,ESAME COLTURALE TAMPONE CONGIUNTIVALE DESTRO,35.0,,,,0,NO_DATI_GIPO
esame-colturale-tampone-congiuntivale-sinistro,ESAME COLTURALE TAMPONE CONGIUNTIVALE SINISTRO,35.0,,,,0,NO_DATI_GIPO
esame-colturale-tampone-cutaneo,ESAME COLTURALE TAMPONE CUTANEO,28.5,28.5,2026-05-15,28.5,11,OK
esame-colturale-tampone-faringeo,ESAME COLTURALE TAMPONE FARINGEO,12.0,12.0,2025-12-20,12.0,3,OK
esame-colturale-tampone-faringeo-completo,ESAME COLTURALE TAMPONE FARINGEO COMPLETO,25.0,25.0,2026-06-17,25.0,25,OK
esame-colturale-tampone-faringeo-per-ricerca-micet,ESAME COLTURALE TAMPONE FARINGEO per RICERCA MICETI,18.0,,,,0,NO_DATI_GIPO
esame-colturale-tampone-faringeo-per-ricerca-stafi,ESAME COLTURALE TAMPONE FARINGEO PER RICERCA STAFILOCOCCO,12.0,25.0,2025-10-20,25.0,1,MISMATCH
esame-colturale-tampone-faringeo-per-ricerca-strep,ESAME COLTURALE TAMPONE FARINGEO PER RICERCA STREPTOCOCCO,12.0,12.0,2025-08-08,12.0,1,OK
esame-colturale-tampone-gengivale,ESAME COLTURALE TAMPONE GENGIVALE,40.0,,,,0,NO_DATI_GIPO
esame-colturale-tampone-linguale,ESAME COLTURALE TAMPONE LINGUALE,35.0,35.0,2025-09-11,35.0,1,OK
esame-colturale-tampone-narice-destra,ESAME COLTURALE TAMPONE NARICE DESTRA,30.0,,,,0,NO_DATI_GIPO
esame-colturale-tampone-narice-sinistra,ESAME COLTURALE TAMPONE NARICE SINISTRA,30.0,,,,0,NO_DATI_GIPO
esame-colturale-tampone-orale,ESAME COLTURALE TAMPONE ORALE,40.0,,,,0,NO_DATI_GIPO
esame-colturale-tampone-rinofaringeo,ESAME COLTURALE TAMPONE RINOFARINGEO,12.0,12.0,2026-06-03,12.0,5,OK
esame-colturale-tampone-uretrale,ESAME COLTURALE TAMPONE URETRALE,12.5,12.5,2026-06-25,12.5,45,OK
esame-colturale-tampone-uretrale-per-ricerca-mycop,ESAME COLTURALE TAMPONE URETRALE  PER RICERCA MYCOPLASMA E UREAPLASMA,20.0,20.0,2026-05-27,20.0,21,OK
esame-colturale-tampone-vaginale,ESAME COLTURALE TAMPONE VAGINALE,9.8,9.8,2026-06-29,9.8,270,OK
esame-colturale-tampone-vulvare,ESAME COLTURALE TAMPONE VULVARE,10.0,10.0,2026-02-23,10.0,2,OK
esame-del-liquido-articolare,ESAME DEL LIQUIDO ARTICOLARE,55.0,,,,0,NO_DATI_GIPO
esame-delle-urine,ESAME DELLE URINE,5.5,,,,0,NO_DATI_GIPO
esame-micologico,ESAME MICOLOGICO,9.5,9.5,2026-04-09,9.5,1,OK
esame-micologico-unghie,ESAME MICOLOGICO UNGHIE,9.5,9.5,2026-02-24,9.5,11,OK
esame-microbiologico-prp-plasma-ricco-di-piastrine,ESAME MICROBIOLOGICO PRP (Plasma Ricco di Piastrine),40.0,,,,0,NO_DATI_GIPO
esame-microscopico-tampone-vaginale,ESAME MICROSCOPICO TAMPONE VAGINALE,12.5,,,,0,NO_DATI_GIPO
esami-check-up-banco-di-sardegna-donna-dirigenti,Esami check up banco di Sardegna Donna dirigenti,56.29,,,,0,NO_DATI_GIPO
esami-laboratorio-terna,Esami Laboratorio Terna,93.0,,,,0,NO_DATI_GIPO
esami-laboratorio-terna-metalli,Esami Laboratorio Terna Metalli,163.0,,,,0,NO_DATI_GIPO
esami-medicina-del-lavoro-base,Esami medicina del lavoro base,25.48,25.48,2026-06-25,25.48,41,OK
esami-prima-visita-torres-professionisti,Esami prima visita Torres professionisti,140.73,,,,0,NO_DATI_GIPO
esano-urine-f-t,ESANO URINE F.T.,6.0,,,,0,NO_DATI_GIPO
escrementi-di-piccione-ige-specifiche,ESCREMENTI DI PICCIONE (IgE SPECIFICHE),19.0,,,,0,NO_DATI_GIPO
esecuzione-tampone-rinofaringeo,ESECUZIONE TAMPONE RINOFARINGEO,20.0,20.0,2026-05-14,20.0,3,OK
esecuzione-tampone-uretrale,ESECUZIONE TAMPONE URETRALE,20.0,20.0,2026-06-20,20.0,24,OK
espettorato-esame-colturale,ESPETTORATO ESAME COLTURALE,25.0,25.0,2026-01-26,25.0,8,OK
estradiolo,ESTRADIOLO,8.5,8.5,2026-07-01,8.5,275,OK
estriolo,ESTRIOLO,24.5,,,,0,NO_DATI_GIPO
estriolo-non-coniugato,ESTRIOLO NON CONIUGATO,14.0,,,,0,NO_DATI_GIPO
estrone-e1,ESTRONE (E1),39.0,,,,0,NO_DATI_GIPO
etanolo-urinario,ETANOLO URINARIO,19.3,,,,0,NO_DATI_GIPO
etanolo-urine-f-t,ETANOLO URINE F.T.,19.3,,,,0,NO_DATI_GIPO
etg-matrice-pilifera,ETG MATRICE PILIFERA,200.0,,,,0,NO_DATI_GIPO
etilglucuronide-matrice-pilifera-etg,Etilglucuronide matrice pilifera (ETG),180.0,180.0,2026-05-04,180.0,1,OK
etosuccimide,ETOSUCCIMIDE,45.0,,,,0,NO_DATI_GIPO
euroglyphus-mayne-acari-minori-ige-specifiche,EUROGLYPHUS MAYNE (Acari minori) (IGE SPECIFICHE),12.5,12.5,2025-07-18,12.5,1,OK
faggio-fagus-species-ige-specifiche,FAGGIO (FAGUS SPECIES) (IgE SPECIFICHE),12.5,,,,0,NO_DATI_GIPO
fagiolini-ige-specifiche,FAGIOLINI (IgE SPECIFICHE),20.0,,,,0,NO_DATI_GIPO
fagiolo-ige-specifiche,FAGIOLO (IgE SPECIFICHE),12.5,,,,0,NO_DATI_GIPO
fagiolo-rosso-ige-specifiche,FAGIOLO ROSSO (IgE SPECIFICHE),12.5,,,,0,NO_DATI_GIPO
falsa-ambrosia-ambrosia-acanthicarpa-ige-specifich,FALSA AMBROSIA (AMBROSIA ACANTHICARPA) (IgE SPECIFICHE),19.0,19.0,2026-06-22,19.0,1,OK
farina-ige-specifiche,FARINA (IgE SPECIFICHE),14.0,14.0,2025-12-11,14.0,1,OK
farinaccio-chenopodium-album-ige-specifiche,FARINACCIO (CHENOPODIUM ALBUM) (IgE SPECIFICHE),12.5,,,,0,NO_DATI_GIPO
fattore-ii-della-coagulazione,Fattore II della Coagulazione,28.0,28.0,2026-06-15,28.0,5,OK
fattore-v-di-leiden-mutazione-g1691a,Fattore V di Leiden (mutazione G1691A),50.0,50.0,2026-06-15,50.0,15,OK
fattore-v-di-leiden-fattore-ii-mthfr-c677,Fattore V di Leiden + Fattore II + MTHFR C677,196.0,196.0,2026-04-13,196.0,1,OK
fattore-viii,FATTORE VIII,27.0,27.0,2025-10-20,27.0,1,OK
fattore-x,FATTORE X,51.3,,,,0,NO_DATI_GIPO
fattore-xiii,FATTORE XIII,25.0,,,,0,NO_DATI_GIPO
feci-esame-chimico-fisico-parassitologico,FECI ESAME CHIMICO-FISICO-PARASSITOLOGICO,11.5,11.5,2026-06-24,11.5,35,OK
fenciclidina-matrice-urinaria,FENCICLIDINA MATRICE URINARIA,30.0,30.0,2025-08-07,30.0,1,OK
fenilalanina-plasmatica,FENILALANINA Plasmatica,121.0,,,,0,NO_DATI_GIPO
fenitoina-dintoina-difenilidantoina,FENITOINA (DINTOINA) (DIFENILIDANTOINA),15.0,,,,0,NO_DATI_GIPO
fenolo-urine-f-t,FENOLO URINE F.T.,22.0,,,,0,NO_DATI_GIPO
ferritina,FERRITINA,13.9,13.9,2026-07-01,13.9,319,OK
ferro-urinario,FERRO URINARIO,20.0,,,,0,NO_DATI_GIPO
ferro-urine-24h,FERRO URINE 24H,15.9,,,,0,NO_DATI_GIPO
ferro-urine-f-t,FERRO URINE F.T.,20.0,,,,0,NO_DATI_GIPO
fibrinogeno,FIBRINOGENO,4.0,4.0,2026-06-26,4.0,131,OK
fibrosi-cistica-139-mutazioni-europe,FIBROSI CISTICA (139 mutazioni Europe),145.0,145.0,2026-05-20,145.0,27,OK
fibrosi-cistica-152-mutazioni-europe-di-cui-25-ita,Fibrosi Cistica (152 mutazioni Europe di cui 25 Italiane) - NGS CE-IVD,165.0,165.0,2026-05-12,165.0,6,OK
fibrosi-cistica-sequenziamento-completo,Fibrosi Cistica- sequenziamento completo,315.0,315.0,2026-02-18,315.0,5,OK
fish-advance-sper-aneuploidy-test,Fish Advance Sper Aneuploidy Test,240.0,240.0,2026-06-08,240.0,2,OK
fk506-tacrolimus,FK506 (TACROLIMUS),110.9,,,,0,NO_DATI_GIPO
forfora-cane-ige-specifiche,FORFORA CANE (IgE SPECIFICHE),12.5,,,,0,NO_DATI_GIPO
forfora-cavallo-ige-specifiche,FORFORA CAVALLO (IgE SPECIFICHE),12.5,,,,0,NO_DATI_GIPO
forfora-mucca-ige-specifiche,FORFORA MUCCA (IgE SPECIFICHE),12.5,,,,0,NO_DATI_GIPO
formaggio-fermentato-ige-specifiche,FORMAGGIO FERMENTATO (IgE SPECIFICHE),12.5,,,,0,NO_DATI_GIPO
formaggio-molle-ige-specifiche,FORMAGGIO MOLLE (IgE SPECIFICHE),12.5,,,,0,NO_DATI_GIPO
formica-solenopsis-invicta-ige-specifiche,FORMICA (SOLENOPSIS INVICTA) (IgE SPECIFICHE),25.0,,,,0,NO_DATI_GIPO
fosfatasi-acida-totale,FOSFATASI ACIDA TOTALE,10.0,,,,0,NO_DATI_GIPO
fosfatasi-alcalina,FOSFATASI ALCALINA,3.8,3.8,2026-06-26,3.8,146,OK
fosfatasi-alcalina-ossea-specifica,FOSFATASI ALCALINA OSSEA SPECIFICA,35.0,35.0,2026-05-09,35.0,2,OK
fosfatasi-prostatica-pap,FOSFATASI PROSTATICA (PAP),35.0,,,,0,NO_DATI_GIPO
fosfaturia-urine-24h,FOSFATURIA URINE 24H,3.8,3.8,2026-03-20,3.8,2,OK
fosforo,FOSFORO,2.8,2.8,2026-06-24,2.8,53,OK
fragola-ige-specifiche,FRAGOLA (IgE SPECIFICHE),12.5,,,,0,NO_DATI_GIPO
frammentazione-dna,FRAMMENTAZIONE DNA,250.0,,,,0,NO_DATI_GIPO
frassino-fraxinus-species-ige-specifiche,FRASSINO (FRAXINUS SPECIES) (IgE SPECIFICHE),25.0,,,,0,NO_DATI_GIPO
free-beta-hcg-per-bitest,FREE BETA HCG per BITEST,8.2,8.2,2025-08-01,8.2,1,OK
fruttosamina,FRUTTOSAMINA,15.0,15.0,2025-10-13,15.0,1,OK
funghi-champignon-ige-specifiche,FUNGHI CHAMPIGNON (IgE SPECIFICHE),19.0,,,,0,NO_DATI_GIPO
fusarium-moniliforme-ige-specifiche,FUSARIUM MONILIFORME (IgE SPECIFICHE),25.0,,,,0,NO_DATI_GIPO
g6pd-analisi-genetica,G6PD ANALISI GENETICA,690.0,,,,0,NO_DATI_GIPO
gad-65-anticorpi-anti-decarbossilasi-dell-acido-gl,GAD 65 (ANTICORPI ANTI-DECARBOSSILASI DELL'ACIDO GLUTAMICO),65.2,65.2,2026-04-07,65.2,1,OK
gal-d1-ige-specifiche-ovomucoide,Gal d1 IgE Specifiche (ovomucoide),122.0,,,,0,NO_DATI_GIPO
gal-d2-ige-specifiche-ovoalbumina,Gal d2 IgE Specifiche (ovoalbumina),12.5,,,,0,NO_DATI_GIPO
gambero-ige-specifiche,GAMBERO (IgE SPECIFICHE),18.0,,,,0,NO_DATI_GIPO
gamma-glutamiltransferasi,GAMMA GLUTAMILTRANSFERASI,2.0,2.0,2026-06-29,2.0,555,OK
gastrina,GASTRINA,15.6,,,,0,NO_DATI_GIPO
gastropanel,GASTROPANEL,180.0,180.0,2026-03-14,180.0,3,OK
gelso-bianco-morus-alba-ige-specifiche,GELSO BIANCO (MORUS ALBA) (IgE SPECIFICHE),19.0,,,,0,NO_DATI_GIPO
gene-fattore-ii-protrombina-ricerca-della-mutazion,GENE FATTORE II (PROTROMBINA): RICERCA DELLA MUTAZIONE G20210A,98.0,98.0,2025-08-19,98.0,2,OK
gene-jak2-identificazione-qualitativa-di-v617f,GENE JAK2 : IDENTIFICAZIONE QUALITATIVA DI V617F,240.0,,,,0,NO_DATI_GIPO
gene-pai-1-ricerca-della-variazione-4g-5g,Gene PAI-1 Ricerca della variazione 4G/5G,98.3,100.0,2026-05-25,100.0,1,MISMATCH
giallone-vespula-species-ige-specifiche,GIALLONE (VESPULA SPECIES) (IgE SPECIFICHE),12.5,12.5,2025-08-07,12.5,1,OK
giardia-intestinalis-ricerca-antigene-nelle-feci,GIARDIA INTESTINALIS RICERCA ANTIGENE NELLE FECI,25.0,25.0,2026-03-26,25.0,6,OK
ginepro-sabina-juniperus-sabinoides-ige-specifiche,GINEPRO SABINA (JUNIPERUS SABINOIDES) (IgE SPECIFICHE),12.5,,,,0,NO_DATI_GIPO
glicosuria,GLICOSURIA,3.5,,,,0,NO_DATI_GIPO
glucagone,GLUCAGONE,75.4,75.4,2025-07-26,75.4,1,OK
glucosio,GLUCOSIO,1.99,1.99,2026-06-29,1.99,635,OK
glucosio-0-60-120,GLUCOSIO 0'60'120',35.0,35.0,2026-06-23,35.0,65,OK
glucosio-6-fosfatodeidrogenasi-g-6-pdh-eritrocitar,GLUCOSIO-6-FOSFATODEIDROGENASI (G-6-PDH) ERITROCITARIA,13.0,15.0,2026-06-30,13.0,25,OK
glutammato-deidrogenasi-clostridium-difficile-gdh,GLUTAMMATO DEIDROGENASI (CLOSTRIDIUM  DIFFICILE GDH),21.0,,,,0,NO_DATI_GIPO
glutatione-perossidasi,GLUTATIONE PEROSSIDASI,73.0,73.0,2025-07-31,73.0,1,OK
glutatione-sangue-intero,GLUTATIONE SANGUE INTERO,60.0,60.0,2026-06-22,60.0,15,OK
glutine-ige-specifiche,GLUTINE (IgE SPECIFICHE),12.5,,,,0,NO_DATI_GIPO
glycyphagus-domesticus-ige-specifiche,GLYCYPHAGUS DOMESTICUS (IgE SPECIFICHE),12.5,,,,0,NO_DATI_GIPO
gramigna-dei-prati-poa-pratensis-ige-specifiche,GRAMIGNA DEI PRATI (POA PRATENSIS) (IgE SPECIFICHE),12.5,,,,0,NO_DATI_GIPO
granchio-ige-specifiche,GRANCHIO (IgE SPECIFICHE),18.0,,,,0,NO_DATI_GIPO
grano-ige-specifiche,GRANO (IgE SPECIFICHE),14.5,12.5,2025-08-07,12.5,1,MISMATCH
grano-triticum-sativum-ige-specifiche,GRANO (TRITICUM SATIVUM) (IgE SPECIFICHE),12.5,12.5,2026-06-16,12.5,1,OK
grano-saraceno-ige-specifiche,GRANO SARACENO (IgE SPECIFICHE),12.5,,,,0,NO_DATI_GIPO
gruppo-sanguigno-fattore-rh,GRUPPO SANGUIGNO FATTORE RH,8.0,8.0,2026-06-30,8.0,63,OK
hb-emoglobine-anomale-hbs-hbd-hbh-ecc,"HB EMOGLOBINE ANOMALE (HBS, HBD, HBH, ECC)",15.0,15.0,2026-05-25,15.0,29,OK
hbsag-test-di-conferma,HBsAg - TEST DI CONFERMA,22.0,22.0,2026-01-02,22.0,1,OK
hbsag-antigene-australia,HBsAg (ANTIGENE AUSTRALIA),10.0,10.0,2026-06-30,10.0,128,OK
hbsag-antigene-di-superficie-virus-epatite-b-quant,HBSAG (ANTIGENE DI SUPERFICIE VIRUS EPATITE B) QUANTITATIVO,41.0,41.0,2025-12-05,41.0,4,OK
hbsag-ultra,HBsAg ULTRA,25.0,,,,0,NO_DATI_GIPO
hbv-dna-genotipo,HBV DNA Genotipo,245.0,,,,0,NO_DATI_GIPO
hbv-dna-quantitativo,HBV DNA QUANTITATIVO,75.0,75.0,2025-11-17,45.25,2,OK
hcv-rna-genotipo,HCV RNA GENOTIPO,157.3,143.5,2025-11-04,143.5,1,MISMATCH
he4-ovarian-cancer-marker,HE4 (OVARIAN CANCER MARKER),95.0,95.0,2026-05-27,95.0,19,OK
helicobacter-pylori-ricerca-antigene-nelle-feci,HELICOBACTER PYLORI RICERCA ANTIGENE NELLE FECI,12.9,12.9,2026-06-16,12.9,36,OK
hiv-1-rna-quantitativo,HIV 1 RNA QUANTITATIVO,157.3,,,,0,NO_DATI_GIPO
hiv-1-2-riba-test-di-conferma,HIV 1/2 RIBA - TEST DI CONFERMA,144.2,,,,0,NO_DATI_GIPO
hiv-anticorpi-antigene-p24,HIV ANTICORPI - ANTIGENE P24,100.0,100.0,2026-04-11,100.0,12,OK
hiv-anticorpo-antigene,HIV ANTICORPO/ANTIGENE,40.0,40.0,2026-06-05,40.0,1,OK
hla-locus-b51-tipizzazione,HLA (locus B51) Tipizzazione,85.0,85.0,2026-05-25,85.0,1,OK
hla-b27-dna,HLA B27 DNA,120.0,120.0,2026-05-28,120.0,3,OK
hla-classe-1-locus-a-b-c-classe-ii-dq-e-dr,"HLA CLASSE 1 ( LOCUS A,B,C) CLASSE II DQ E DR",400.0,400.0,2025-09-17,400.0,1,OK
hla-per-identificazione-dq2-e-dq8,HLA PER IDENTIFICAZIONE DQ2 E DQ8,138.0,90.0,2026-05-11,90.0,10,MISMATCH
hla-tipo-c,HLA TIPO C,120.0,,,,0,NO_DATI_GIPO
hollister-stier-labs-ige-specifiche,HOLLISTER - STIER LABS. (IgE SPECIFICHE),12.5,,,,0,NO_DATI_GIPO
hpv-dna-screening-e-tipizzazione-di-ceppi-al-alto-,HPV DNA  SCREENING E TIPIZZAZIONE DI CEPPI AL ALTO RISCHIO ONCOGENO,90.0,90.0,2026-06-29,90.0,11,OK
hpv-test-su-liquido-seminale,Hpv test su liquido seminale,95.0,95.0,2026-02-19,15.0,2,OK
hsv-1-2-tampone-vaginale,HSV 1-2  Tampone vaginale,60.0,60.0,2026-02-25,60.0,2,OK
ia2-insulinoma-antigene-2-abs,IA2 (Insulinoma Antigene 2) Abs,63.0,,,,0,NO_DATI_GIPO
idrossilasi,IDROSSILASI,95.5,,,,0,NO_DATI_GIPO
idrossipirene-urinario,IDROSSIPIRENE URINARIO,50.0,50.0,2026-03-20,50.0,2,OK
idrossipirene-urine-f-t,IDROSSIPIRENE URINE F.T.,43.6,,,,0,NO_DATI_GIPO
idrossiprolina-urine-24h,IDROSSIPROLINA URINE 24H,24.0,,,,0,NO_DATI_GIPO
iga-salivari,IGA SALIVARI,29.0,,,,0,NO_DATI_GIPO
ige-frumento,IGE FRUMENTO,14.0,,,,0,NO_DATI_GIPO
ige-pannello-allergologico,IGE PANNELLO ALLERGOLOGICO,170.0,,,,0,NO_DATI_GIPO
ige-totali,IgE TOTALI,15.2,15.2,2026-06-08,15.2,53,OK
igf-bp-3,IGF BP-3,67.5,,,,0,NO_DATI_GIPO
immunocomplessi-circolanti-cic,IMMUNOCOMPLESSI CIRCOLANTI (CIC),15.4,,,,0,NO_DATI_GIPO
immunofissazione-sierica,IMMUNOFISSAZIONE SIERICA,60.2,60.2,2026-05-28,60.2,12,OK
immunofissazione-urinaria,IMMUNOFISSAZIONE URINARIA,110.0,110.0,2025-11-12,110.0,2,OK
immunoglobuline-iga,IMMUNOGLOBULINE IgA,6.0,6.0,2026-06-27,6.0,38,OK
immunoglobuline-igg,IMMUNOGLOBULINE IgG,6.0,6.0,2026-06-24,6.0,13,OK
immunoglobuline-igg4,IMMUNOGLOBULINE IGG4,32.0,,,,0,NO_DATI_GIPO
immunoglobuline-igm,IMMUNOGLOBULINE IgM,6.0,6.0,2026-06-24,6.0,8,OK
indicano-disbiosi-test,INDICANO (Disbiosi TEST),45.0,45.0,2026-06-24,45.0,20,OK
indice-r-o-m-a,INDICE R.O.M.A.,50.0,,,,0,NO_DATI_GIPO
indice-homa,INDICE HOMA,20.0,20.0,2026-06-11,20.0,23,OK
influenza-rapid-test,Influenza RAPID TEST,15.0,,,,0,NO_DATI_GIPO
inibina-b,INIBINA B,98.0,98.0,2025-11-19,98.0,3,OK
insulinemia,INSULINEMIA,5.5,5.5,2026-06-24,5.5,111,OK
interleuchina-6,INTERLEUCHINA 6,235.0,,,,0,NO_DATI_GIPO
intolleranza-al-nichel-ricerca-di-mutazioni-su-tnf,Intolleranza al nichel (ricerca di mutazioni su TNF e FLG),90.0,90.0,2025-10-27,90.0,1,OK
intolleranza-genetica-al-lattosio-e-predisposizion,INTOLLERANZA GENETICA AL LATTOSIO E PREDISPOSIZIONE ALLA MALATTIA CELIACA,155.0,,,,0,NO_DATI_GIPO
iodio-sierico-totale,IODIO SIERICO TOTALE,230.0,,,,0,NO_DATI_GIPO
iodio-urine-24h,IODIO URINE 24H,230.0,,,,0,NO_DATI_GIPO
isocianato-hdi-ige-specifiche,ISOCIANATO HDI (IgE SPECIFICHE),19.0,,,,0,NO_DATI_GIPO
isocianato-mdi-ige-specifiche,ISOCIANATO MDI (IgE SPECIFICHE),19.0,,,,0,NO_DATI_GIPO
isocianato-tdi-ige-specifiche,ISOCIANATO TDI (IgE SPECIFICHE),19.0,,,,0,NO_DATI_GIPO
isoenzimi-ck-creatinchinasi,Isoenzimi CK(Creatinchinasi),65.0,,,,0,NO_DATI_GIPO
istamina,ISTAMINA,96.0,96.0,2026-02-03,96.0,4,OK
istamina-urine-24h,ISTAMINA URINE 24H,124.0,,,,0,NO_DATI_GIPO
istologia-apparato-urogenitale-polipectomia-endoce,ISTOLOGIA APPARATO UROGENITALE - POLIPECTOMIA ENDOCERVICALE,150.0,50.0,2025-12-18,50.0,1,MISMATCH
istologia-cute-e-o-tessuti-molli-biopsia-escission,ISTOLOGIA CUTE E/O TESSUTI MOLLI - BIOPSIA ESCISSIONALE,50.0,,,,0,NO_DATI_GIPO
jack-2,JACK-2,130.0,,,,0,NO_DATI_GIPO
jak-2,Jak-2,130.0,,,,0,NO_DATI_GIPO
kir-affinitymap,KIR Affinitymap,235.0,235.0,2025-10-29,235.0,1,OK
kir-affinitymap-hla-c,KIR Affinitymap + HLA-C,400.0,,,,0,NO_DATI_GIPO
kiwi-ige-specifiche,KIWI (IgE SPECIFICHE),12.5,,,,0,NO_DATI_GIPO
kwikpen-2-5-mg-mj-pack-obesita,KWIKPEN 2.5 MG MJ PACK OBESITA',346.58,,,,0,NO_DATI_GIPO
lac-lupus-anticoagulant,LAC (LUPUS ANTICOAGULANT),15.0,15.0,2026-06-24,15.0,17,OK
lamotrigina,LAMOTRIGINA,23.9,23.9,2026-04-29,23.9,2,OK
lanciuola-plantago-lanceolata-ige-specifiche,LANCIUOLA (PLANTAGO LANCEOLATA) (IgE SPECIFICHE),12.5,,,,0,NO_DATI_GIPO
latte-bollito-ige-specifiche,LATTE BOLLITO (IgE SPECIFICHE),12.5,,,,0,NO_DATI_GIPO
latte-vaccino-ige-specifiche,LATTE Vaccino (IgE SPECIFICHE),12.5,,,,0,NO_DATI_GIPO
lattice-ige-specifiche,LATTICE (IgE SPECIFICHE),12.5,,,,0,NO_DATI_GIPO
latticodeidrogenasi-ldh,LATTICODEIDROGENASI (LDH),2.1,2.1,2026-06-19,2.1,79,OK
lattoalbumina-di-mucca-ige-specifiche,LATTOALBUMINA DI MUCCA (igE specifiche),15.0,15.0,2025-08-07,15.0,1,OK
lattoferrina-fecale,LATTOFERRINA FECALE,65.9,,,,0,NO_DATI_GIPO
lattuga-ige-specifiche,LATTUGA (IgE SPECIFICHE),19.0,,,,0,NO_DATI_GIPO
ldl-ossidate,LDL OSSIDATE,95.0,95.0,2026-06-18,95.0,17,OK
lenticchia-ige-specifiche,LENTICCHIA (IgE SPECIFICHE),19.0,,,,0,NO_DATI_GIPO
lepidoglyphus-destructor-ige-specifiche,LEPIDOGLYPHUS DESTRUCTOR (IgE SPECIFICHE),12.5,,,,0,NO_DATI_GIPO
leptina,LEPTINA,100.2,,,,0,NO_DATI_GIPO
levetiracetam-keppra,LEVETIRACETAM (KEPPRA),65.0,65.0,2026-03-28,65.0,1,OK
lievito-acido-naturale-ige-specifiche,LIEVITO ACIDO NATURALE (IgE SPECIFICHE),12.5,,,,0,NO_DATI_GIPO
ligustro-ligustrum-vulgare-ige-specifiche,LIGUSTRO (LIGUSTRUM VULGARE) (IgE SPECIFICHE),14.0,,,,0,NO_DATI_GIPO
limone-ige-specifiche,LIMONE (IgE SPECIFICHE),19.0,,,,0,NO_DATI_GIPO
lipasi,LIPASI,4.6,4.6,2026-06-29,4.6,176,OK
lipoproteina-a,LIPOPROTEINA A,20.0,20.0,2026-06-25,20.0,33,OK
lipoproteine-profilo-lipoprint,Lipoproteine Profilo LIPOPRINT,260.0,,,,0,NO_DATI_GIPO
lisozima,LISOZIMA,60.9,,,,0,NO_DATI_GIPO
litio,LITIO,8.5,8.5,2026-06-03,8.5,4,OK
loglierella-lolium-perenne-ige-specifiche,LOGLIERELLA (LOLIUM PERENNE) (IgE SPECIFICHE),12.5,,,,0,NO_DATI_GIPO
macroprolattina,MACROPROLATTINA,250.0,,,,0,NO_DATI_GIPO
mad-x-fox,MAD X FOX,350.0,350.0,2025-08-07,350.0,1,OK
magnesio,MAGNESIO,3.7,3.7,2026-06-29,3.7,121,OK
magnesio-eritrocitario,MAGNESIO ERITROCITARIO,18.0,18.0,2026-02-14,18.0,1,OK
magnesio-urine-24h,MAGNESIO URINE 24H,6.3,6.3,2026-03-13,6.3,1,OK
mais-ige-specifiche,MAIS (IgE SPECIFICHE),12.5,,,,0,NO_DATI_GIPO
malattia-del-rene-policistico-autonomia-recessiva,MALATTIA DEL RENE POLICISTICO (autonomia recessiva),690.0,,,,0,NO_DATI_GIPO
malattie-genetiche-14-ricerca-fibrosi-cistica-beta,"MALATTIE GENETICHE (14)- Ricerca Fibrosi Cistica, Beta Talassemia, Anemia Falciforme",250.0,,,,0,NO_DATI_GIPO
malto-ige-specifiche,MALTO (IgE SPECIFICHE),19.0,,,,0,NO_DATI_GIPO
mandarino-ige-specifiche,MANDARINO (IgE SPECIFICHE),19.0,,,,0,NO_DATI_GIPO
mandorla-ige-specifiche,MANDORLA (IgE SPECIFICHE),12.5,12.5,2025-09-13,12.5,1,OK
manganese-plasmatico,MANGANESE PLASMATICO,21.0,,,,0,NO_DATI_GIPO
manganese-urine-f-t,MANGANESE URINE F.T.,27.0,,,,0,NO_DATI_GIPO
manganese-urine-i-t,MANGANESE URINE I.T.,21.0,,,,0,NO_DATI_GIPO
margherita-dei-prati-chrysantemum-leucanthemum-ige,MARGHERITA DEI PRATI (CHRYSANTEMUM LEUCANTHEMUM) (IgE SPECIFICHE),14.0,,,,0,NO_DATI_GIPO
mela-ige-specifiche,MELA (IgE SPECIFICHE),12.5,,,,0,NO_DATI_GIPO
melanzana-ige-specifiche,MELANZANA (IgE SPECIFICHE),12.5,12.5,2026-04-30,12.5,4,OK
melone-ige-specifiche,MELONE (IgE SPECIFICHE),12.5,,,,0,NO_DATI_GIPO
mercurio-urine-f-t,MERCURIO URINE F.T.,27.0,26.01,2026-01-30,26.01,1,MISMATCH
mercurio-urine-i-t,MERCURIO URINE I.T.,27.0,,,,0,NO_DATI_GIPO
merluzzo-ige-specifiche,MERLUZZO (IgE SPECIFICHE),12.5,,,,0,NO_DATI_GIPO
metabolismo-degli-zuccheri,METABOLISMO DEGLI ZUCCHERI,37.0,,,,0,NO_DATI_GIPO
metaboliti-reattivi-dell-ossigeno-derivati-dei-rad,METABOLITI REATTIVI DELL'OSSIGENO (DERIVATI DEI RADICALI LIBERI),40.0,40.0,2025-12-05,40.0,6,OK
metadone-test-di-conferma,METADONE - TEST DI CONFERMA,168.2,,,,0,NO_DATI_GIPO
metaemoglobina,METAEMOGLOBINA,12.5,12.5,2025-11-15,12.5,1,OK
metanefrine-plasmatiche-libere,METANEFRINE PLASMATICHE LIBERE,40.0,40.0,2026-06-29,40.0,1,OK
metanefrine-urine-24h,METANEFRINE URINE 24H,35.0,35.0,2026-06-29,35.0,4,OK
metanolo-urine-f-t,METANOLO URINE F.T.,20.0,,,,0,NO_DATI_GIPO
metiletilchetone-mek-urine-f-t,METILETILCHETONE (MEK) URINE F.T.,20.2,,,,0,NO_DATI_GIPO
metiletilchetone-mek-urine-i-t,METILETILCHETONE (MEK) URINE I.T.,20.2,,,,0,NO_DATI_GIPO
metilisobutilchetone-mibk-urine-f-t,METILISOBUTILCHETONE (MIBK) URINE F.T.,50.0,,,,0,NO_DATI_GIPO
microalbuminuria,MICROALBUMINURIA,6.8,6.8,2026-06-25,6.8,12,OK
microalbuminuria-urine-24h,MICROALBUMINURIA URINE 24H,6.8,6.8,2026-06-29,6.8,3,OK
miele-ige-specifiche,MIELE (IgE SPECIFICHE),20.0,,,,0,NO_DATI_GIPO
mioglobina,MIOGLOBINA,12.0,12.0,2026-03-24,12.0,3,OK
mirtillo-ige-specifiche,MIRTILLO (IgE SPECIFICHE),19.0,,,,0,NO_DATI_GIPO
misurazione-pressione-arteriosa,MISURAZIONE PRESSIONE ARTERIOSA,5.0,5.0,2026-03-30,5.0,2,OK
mitili-ige-specifiche,MITILI (IgE SPECIFICHE),12.5,12.5,2026-06-05,12.5,1,OK
mix-graminacee,MIX GRAMINACEE,22.0,22.0,2026-06-16,22.0,2,OK
modulo-03-esami-del-sangue-unisalute,MODULO 03 ESAMI DEL SANGUE  UNISALUTE,44.42,44.42,2026-06-11,44.42,98,OK
modulo-25-gruppo-14-esami-del-sangue-unisalute,MODULO 25 (GRUPPO 14 ESAMI DEL SANGUE) UNISALUTE,40.51,40.51,2026-06-30,40.51,121,OK
monometilformammide-mmf-urine-f-t,MONOMETILFORMAMMIDE (MMF) URINE F.T.,22.0,,,,0,NO_DATI_GIPO
mono-test,MONO-TEST,18.0,18.0,2026-05-28,18.0,12,OK
mounjaro-7-5-mg-start-pack-progetto-slim-care-part,"Mounjaro 7,5 mg -Start Pack - progetto Slim Care - parte di prestazione sanitaria complessa",395.45,435.0,2026-06-26,435.0,24,MISMATCH
mthfr1-c677t,MTHFR1 C677T,50.0,50.0,2026-06-09,50.0,5,OK
mucopolisaccaridosi-tipo-i-mps-i-analisi-del-gene-,MUCOPOLISACCARIDOSI tipo I (MPS I) Analisi del gene IDUA,690.0,,,,0,NO_DATI_GIPO
mucopolisaccaridosi-tipo-iii-b-analisi-del-gene-na,MUCOPOLISACCARIDOSI tipo III B - Analisi del gene NAGLU,690.0,,,,0,NO_DATI_GIPO
mucor-racemosus-ige-specifiche,MUCOR RACEMOSUS (IgE SPECIFICHE),19.0,,,,0,NO_DATI_GIPO
muffe-ige-specifiche,MUFFE (IgE SPECIFICHE),18.0,,,,0,NO_DATI_GIPO
mutazione-g20210a-del-fattore-ii,Mutazione G20210A del Fattore II,90.0,90.0,2026-05-11,90.0,3,OK
mybiome-analisi-molecolare-del-microbiota-intestin,MYBIOME - ANALISI MOLECOLARE DEL MICROBIOTA INTESTINALE,450.0,450.0,2025-11-21,450.0,2,OK
mycobacterium-tuberculosis-dna,MYCOBACTERIUM TUBERCULOSIS DNA,176.9,180.0,2025-10-27,180.0,1,MISMATCH
mycoplasma-genitalium-dna,MYCOPLASMA GENITALIUM DNA,80.0,,,,0,NO_DATI_GIPO
neisseria-gonorrhoeae-esame-colturale-ricerca-su-l,NEISSERIA GONORRHOEAE ESAME COLTURALE (ricerca su Liquido seminale),15.5,15.5,2026-06-22,15.5,4,OK
neisseria-gonorrhoeae-esame-colturale-urina,NEISSERIA GONORRHOEAE ESAME COLTURALE (URINA),12.5,12.5,2026-04-11,12.5,5,OK
netilmicina,NETILMICINA,58.0,,,,0,NO_DATI_GIPO
nichel-sierico,NICHEL SIERICO,15.0,15.0,2026-04-13,15.0,4,OK
nichel-urinario-fine-turno,NICHEL URINARIO fine turno,15.0,,,,0,NO_DATI_GIPO
nichel-urinario-inizio-turno,NICHEL URINARIO inizio turno,15.0,,,,0,NO_DATI_GIPO
nickel-urine-f-t,NICKEL URINE F.T.,15.0,,,,0,NO_DATI_GIPO
nickel-urine-i-t,NICKEL URINE I.T.,15.0,,,,0,NO_DATI_GIPO
n-metilacetammide-urine-f-t,N-METILACETAMMIDE URINE F.T.,21.6,,,,0,NO_DATI_GIPO
nocciola-ige-specifiche,NOCCIOLA (IgE SPECIFICHE),12.5,12.5,2025-09-13,12.5,1,OK
nocciolo-corylus-avellana-ige-specifiche,NOCCIOLO (CORYLUS AVELLANA) (IgE SPECIFICHE),12.5,,,,0,NO_DATI_GIPO
noce-ige-specifiche,NOCE (IgE SPECIFICHE),12.5,12.5,2025-09-13,12.5,1,OK
noce-brasiliana-ige-specifiche,NOCE BRASILIANA (IgE SPECIFICHE),19.0,19.0,2025-09-13,19.0,1,OK
noce-di-california-juglans-californica-ige-specifi,NOCE DI CALIFORNIA (JUGLANS CALIFORNICA) (IgE SPECIFICHE),12.5,12.5,2025-09-13,12.5,1,OK
noce-di-cocco-ige-specifiche,NOCE DI COCCO (IgE SPECIFICHE),12.5,,,,0,NO_DATI_GIPO
normetanefrine-urine-24h,NORMETANEFRINE URINE 24H,35.0,,,,0,NO_DATI_GIPO
numero-di-dibucaina,NUMERO DI DIBUCAINA,6.0,,,,0,NO_DATI_GIPO
ogtt-curva-glicemica-in-gravidanza,OGTT  - CURVA GLICEMICA IN GRAVIDANZA,35.0,35.0,2026-06-30,35.0,108,OK
ogtt-curva-glicemica-in-gravidanza-arancia,OGTT  - CURVA GLICEMICA IN GRAVIDANZA (ARANCIA),55.0,,,,0,NO_DATI_GIPO
olivo-olea-europea-ige-specifiche,OLIVO (OLEA EUROPEA) (IgE SPECIFICHE),12.5,,,,0,NO_DATI_GIPO
olmo-ulmus-campestris-ige-specifiche,OLMO (ULMUS CAMPESTRIS) (IgE SPECIFICHE),19.0,,,,0,NO_DATI_GIPO
omocisteina,OMOCISTEINA,28.5,28.5,2026-06-29,28.5,98,OK
omocisteina-dna-mthfr-c677t-a1298c,OMOCISTEINA DNA (MTHFR) C677T + A1298C,100.0,100.0,2026-01-19,100.0,4,OK
onco-advance-brca-pap-test,Onco Advance  BRCA + PAP TEST,520.0,,,,0,NO_DATI_GIPO
onco-advance-plus-brca-pap-test,Onco Advance Plus BRCA + Pap Test,620.0,,,,0,NO_DATI_GIPO
onco-advance-risk-breast-pap-test,ONCO ADVANCE RISK BREAST + PAP TEST,820.0,820.0,2026-02-10,820.0,1,OK
onco-advance-risk-lynch-pap-test,ONCO ADVANCE RISK LYNCH + PAP TEST,690.0,,,,0,NO_DATI_GIPO
onco-advance-risk-ovarian-pap-test,ONCO ADVANCE RISK OVARIAN + PAP TEST,820.0,,,,0,NO_DATI_GIPO
oncoadvance-risk-brca-analisi-dei-geni-brca1-e-brc,OncoAdvance Risk BRCA - Analisi dei geni BRCA1 e BRCA2,520.0,520.0,2025-07-09,520.0,2,OK
ontano-alnus-incana-ige-specifiche,ONTANO (ALNUS INCANA) (IgE SPECIFICHE),19.0,,,,0,NO_DATI_GIPO
oppiacei-test-di-conferma,OPPIACEI - TEST DI CONFERMA,168.2,,,,0,NO_DATI_GIPO
origano-ige-specifiche,ORIGANO (IgE SPECIFICHE),19.0,,,,0,NO_DATI_GIPO
ormone-anti-mulleriano-amh,ORMONE ANTI-MULLERIANO (AMH),55.0,55.0,2026-06-30,55.0,75,OK
ormone-follicolo-stimolante-fsh,ORMONE FOLLICOLO STIMOLANTE (FSH),16.9,16.9,2026-06-30,16.9,172,OK
ormone-luteinizzante-lh,ORMONE LUTEINIZZANTE (LH),9.0,9.0,2026-06-30,9.0,201,OK
ormone-somatotropo-hgh,ORMONE SOMATOTROPO (HGH),16.8,16.8,2026-03-24,16.8,3,OK
ormone-tireotropo-tsh,ORMONE TIREOTROPO (TSH),10.0,10.0,2026-07-01,10.0,257,OK
ornitina-su-plasma,ORNITINA SU PLASMA,110.0,,,,0,NO_DATI_GIPO
ornitina-urinaria,ORNITINA URINARIA,110.0,,,,0,NO_DATI_GIPO
ortica-urtica-dioica-ige-specifiche,ORTICA (URTICA DIOICA) (IgE SPECIFICHE),12.5,,,,0,NO_DATI_GIPO
orto-cresolo-urine-f-t,ORTO-CRESOLO URINE F.T.,20.1,,,,0,NO_DATI_GIPO
orto-cresolo-urine-i-t,ORTO-CRESOLO URINE I.T.,20.1,,,,0,NO_DATI_GIPO
orzo-ige-specifiche,ORZO (IgE SPECIFICHE),12.5,,,,0,NO_DATI_GIPO
osmolarita-plasmatica,OSMOLARITA' PLASMATICA,15.0,,,,0,NO_DATI_GIPO
ossalati-urine,OSSALATI URINE,30.0,,,,0,NO_DATI_GIPO
osteocalcina,OSTEOCALCINA,36.0,36.0,2026-03-03,36.0,4,OK
ostrica-ige-specifiche,OSTRICA (IgE SPECIFICHE),19.0,,,,0,NO_DATI_GIPO
oxcarbazepina,OXCARBAZEPINA,19.2,,,,0,NO_DATI_GIPO
pack-cardio-plus,PACK CARDIO PLUS,85.0,85.0,2026-05-06,85.0,3,OK
pack-donna-under-40,Pack donna under 40,106.42,106.42,2025-08-26,106.42,2,OK
pack-esami-percorso-obesit,Pack Esami percorso Obesità,70.0,70.0,2026-07-01,70.0,123,OK
pack-obesita-under-18,PACK OBESITA UNDER 18,130.0,130.0,2025-11-17,130.0,1,OK
pack-smart-base,PACK SMART BASE,22.47,,,,0,NO_DATI_GIPO
pack-ultra-base,Pack ultra base,46.79,,,,0,NO_DATI_GIPO
paleino-odoroso-anthoxanthum-odoratum-ige-specific,PALEINO ODOROSO (ANTHOXANTHUM ODORATUM) (IgE SPECIFICHE),19.0,,,,0,NO_DATI_GIPO
paleo-bromus-inermis-ige-specifiche,PALEO (BROMUS INERMIS) (IgE SPECIFICHE),19.0,,,,0,NO_DATI_GIPO
paleo-dei-prati-festuca-elatior-ige-specifiche,PALEO DEI PRATI (FESTUCA ELATIOR) (IgE SPECIFICHE),12.5,,,,0,NO_DATI_GIPO
pannello-les-ss-lupus-eritematoso-sistemico-sindro,PANNELLO LES/SS (LUPUS ERITEMATOSO SISTEMICO)/(SINDROME DI SJÖGREN),120.0,,,,0,NO_DATI_GIPO
papaia-ige-specifiche,PAPAIA (IgE SPECIFICHE),19.0,,,,0,NO_DATI_GIPO
papp-a-per-bitest,PAPP-A per BITEST,8.3,8.3,2025-08-01,8.3,1,OK
parassita-malarico-ricerca-antigenica,PARASSITA MALARICO RICERCA ANTIGENICA,125.1,,,,0,NO_DATI_GIPO
parmigiano-ige-specifiche,PARMIGIANO (IgE SPECIFICHE),19.0,,,,0,NO_DATI_GIPO
paroxetina,PAROXETINA,229.6,,,,0,NO_DATI_GIPO
parvovirus-b19-dna,PARVOVIRUS B19 DNA,100.0,,,,0,NO_DATI_GIPO
patata-ige-specifiche,PATATA (IgE SPECIFICHE),12.5,12.5,2026-04-30,12.5,1,OK
pcr-alta-sensibilita,PCR ALTA SENSIBILITA',22.0,22.0,2026-05-26,22.0,6,OK
penicillina-g-ige-specifiche,PENICILLINA G - IGE Specifiche,25.0,,,,0,NO_DATI_GIPO
penicillina-v-ige-specifiche,PENICILLINA V - IGE Specifiche,25.0,,,,0,NO_DATI_GIPO
penicillium-notatum-ige-specifiche,PENICILLIUM NOTATUM (IgE SPECIFICHE),12.5,,,,0,NO_DATI_GIPO
pepe-nero-ige-specifiche,PEPE NERO (IgE SPECIFICHE),19.0,19.0,2026-03-02,19.0,1,OK
pepe-verde-ige-specifiche,PEPE VERDE (IgE SPECIFICHE),19.0,19.0,2026-03-02,19.0,1,OK
peperone-ige-specifiche,PEPERONE (IgE SPECIFICHE),19.0,,,,0,NO_DATI_GIPO
pera-ige-specifiche,PERA (IgE SPECIFICHE),12.5,,,,0,NO_DATI_GIPO
percentuale-di-saturazione-di-transferrina,PERCENTUALE DI SATURAZIONE DI TRANSFERRINA,3.0,3.0,2026-06-24,3.0,7,OK
percloroetilene-ematico,PERCLOROETILENE EMATICO,19.9,,,,0,NO_DATI_GIPO
percloroetilene-urine-f-t,PERCLOROETILENE URINE F.T.,19.9,,,,0,NO_DATI_GIPO
percloroetilene-urine-i-t,PERCLOROETILENE URINE I.T.,19.9,,,,0,NO_DATI_GIPO
pesca-ige-specifiche,PESCA (IgE SPECIFICHE),12.5,,,,0,NO_DATI_GIPO
ph-ematico,PH EMATICO,11.0,,,,0,NO_DATI_GIPO
phenobarbital-gardenale,PHENOBARBITAL (GARDENALE),22.0,,,,0,NO_DATI_GIPO
pino-pinus-strobus-ige-specifiche,PINO (PINUS STROBUS) (IgE SPECIFICHE),12.5,,,,0,NO_DATI_GIPO
pinolo-ige-specifiche,PINOLO (IgE SPECIFICHE),19.0,19.0,2025-09-13,19.0,1,OK
piombemia,PIOMBEMIA,22.0,22.0,2026-01-30,22.0,1,OK
piombo-urine-f-t,PIOMBO URINE F.T.,11.0,,,,0,NO_DATI_GIPO
piombo-urine-i-t,PIOMBO URINE I.T.,11.0,,,,0,NO_DATI_GIPO
pioppo-populos-deltoides-ige-specifiche,PIOPPO (POPULOS DELTOIDES) (IgE SPECIFICHE),14.0,,,,0,NO_DATI_GIPO
piruvatochinasi-eritrocitaria,PIRUVATOCHINASI ERITROCITARIA,67.9,,,,0,NO_DATI_GIPO
pisello-ige-specifiche,PISELLO (IgE SPECIFICHE),12.5,,,,0,NO_DATI_GIPO
pistacchio-ige-specifiche,PISTACCHIO (IgE SPECIFICHE),19.0,,,,0,NO_DATI_GIPO
piume-d-anatra-ige-specifiche,PIUME D'ANATRA (IgE SPECIFICHE),19.0,,,,0,NO_DATI_GIPO
piume-di-canarino-ige-specifiche,PIUME DI CANARINO (IgE SPECIFICHE),19.0,,,,0,NO_DATI_GIPO
piume-di-gallina-ige-specifiche,PIUME DI GALLINA (IgE SPECIFICHE),12.5,,,,0,NO_DATI_GIPO
piume-d-oca-ige-specifiche,PIUME D'OCA (IgE SPECIFICHE),12.5,,,,0,NO_DATI_GIPO
plasminogeno,PLASMINOGENO,30.0,,,,0,NO_DATI_GIPO
platano-platanus-acerifolia-ige-specifiche,PLATANO (PLATANUS ACERIFOLIA) (IgE SPECIFICHE),19.0,,,,0,NO_DATI_GIPO
platessa-ige-specifiche,PLATESSA (IgE SPECIFICHE),19.0,,,,0,NO_DATI_GIPO
pol-d5-polistes-dominulus,POL D5 POLISTES DOMINULUS,19.0,,,,0,NO_DATI_GIPO
polipeptide-pancreatico,POLIPEPTIDE PANCREATICO,115.4,,,,0,NO_DATI_GIPO
polpo-ige-specifiche,POLPO (IgE SPECIFICHE),19.0,,,,0,NO_DATI_GIPO
polvere-di-casa-ige-specifiche,POLVERE DI CASA (IgE SPECIFICHE),12.5,12.5,2025-09-13,12.5,1,OK
polvere-di-grano-ige-specifiche,POLVERE DI GRANO (IgE SPECIFICHE),19.0,,,,0,NO_DATI_GIPO
pomodoro-ige-specifiche,POMODORO (IgE SPECIFICHE),12.5,12.5,2026-04-30,12.5,1,OK
pompelmo-ige-specifiche,POMPELMO (IgE SPECIFICHE),19.0,,,,0,NO_DATI_GIPO
porfirine-totali-urine-24h,PORFIRINE TOTALI URINE 24H,48.2,,,,0,NO_DATI_GIPO
potassio,POTASSIO,4.8,4.8,2026-06-29,4.8,319,OK
potassio-urine-24h,POTASSIO URINE 24H,3.7,,,,0,NO_DATI_GIPO
potenziale-biologico-antiossidante-bap,POTENZIALE BIOLOGICO ANTIOSSIDANTE (BAP),35.0,35.0,2025-12-05,35.0,2,OK
prealbumina,PREALBUMINA,9.0,,,,0,NO_DATI_GIPO
prelievo-a-domicilio,Prelievo a domicilio,15.0,,,,0,NO_DATI_GIPO
prelievo-microbiologico,PRELIEVO MICROBIOLOGICO,25.0,,,,0,NO_DATI_GIPO
prelievo-venoso,PRELIEVO VENOSO,3.5,3.5,2026-07-01,3.5,3136,OK
prelievo-venoso,PRELIEVO VENOSO,3.5,3.5,2026-07-01,3.5,3136,OK
prezzemolo-ige-specifiche,PREZZEMOLO (IgE SPECIFICHE),19.0,,,,0,NO_DATI_GIPO
primidone,PRIMIDONE,17.0,,,,0,NO_DATI_GIPO
probnp,ProBNP,51.0,51.0,2026-06-11,51.0,8,OK
procalcitonina,PROCALCITONINA,34.0,34.0,2026-06-29,34.0,10,OK
prodotti-degradazione-fibrinogeno-fdp,PRODOTTI DEGRADAZIONE FIBRINOGENO (FDP),100.0,,,,0,NO_DATI_GIPO
profilo-anticorpi-anti-msa-anticorpi-miosite-speci,PROFILO ANTICORPI ANTI MSA (Anticorpi miosite specifici),145.0,,,,0,NO_DATI_GIPO
profilo-glicemico,PROFILO GLICEMICO,3.5,,,,0,NO_DATI_GIPO
profilo-remautologico,PROFILO REMAUTOLOGICO,102.9,,,,0,NO_DATI_GIPO
profilo-trombofilico-autoanticorpi,Profilo Trombofilico Autoanticorpi,411.3,,,,0,NO_DATI_GIPO
progesterone,PROGESTERONE,8.5,8.5,2026-07-01,8.5,209,OK
prolattina,PROLATTINA,10.0,10.0,2026-06-22,10.0,103,OK
prolattina-curva,PROLATTINA CURVA,7.5,70.0,2026-05-08,70.0,1,MISMATCH
propeptide-amino-terminale-del-procollagene-tipo-1,PROPEPTIDE AMINO-TERMINALE DEL PROCOLLAGENE TIPO 1 (P1NP),45.0,45.0,2026-06-22,45.0,3,OK
proteina-c-coagulativa,proteina C COAGULATIVA,11.0,11.0,2026-06-11,11.0,18,OK
proteina-c-funzionale,PROTEINA C FUNZIONALE,15.0,15.0,2026-06-13,15.0,2,OK
proteina-c-reattiva-pcr,PROTEINA C REATTIVA (PCR),4.6,4.6,2026-06-29,4.6,279,OK
proteina-legante-il-retinolo,Proteina Legante il Retinolo,22.5,,,,0,NO_DATI_GIPO
proteina-s-libera,PROTEINA S LIBERA,25.0,25.0,2026-06-13,25.0,22,OK
proteine-totali,PROTEINE TOTALI,5.4,5.4,2026-06-29,5.4,253,OK
proteine-totali-urine-24h,PROTEINE TOTALI URINE 24H,3.5,3.5,2026-06-24,3.5,7,OK
proteinuria-di-bence-jones,PROTEINURIA DI BENCE-JONES,28.0,28.0,2026-05-14,28.0,1,OK
prugna-ige-specifiche,PRUGNA (IgE SPECIFICHE),19.0,,,,0,NO_DATI_GIPO
psa-libero-free-psa,PSA LIBERO (FREE-PSA),12.0,12.0,2026-06-23,12.0,71,OK
psa-reflex,PSA REFLEX,22.0,22.0,2026-06-27,22.0,69,OK
pth-intatto-paratormone,PTH INTATTO (PARATORMONE),12.0,12.0,2026-06-24,12.0,45,OK
quantiferon,QUANTIFERON,130.0,130.0,2026-06-03,130.0,3,OK
quercia-bianca-quercus-alba-ige-specifiche,QUERCIA BIANCA (QUERCUS ALBA) (IgE SPECIFICHE),12.5,,,,0,NO_DATI_GIPO
rame-urine-24-ore,RAME URINE 24 ORE,12.9,12.9,2026-05-25,12.9,4,OK
rame-urine-f-t,RAME URINE F.T.,9.9,,,,0,NO_DATI_GIPO
raschiamento-ungueale-dito-del-piede,RASCHIAMENTO UNGUEALE (dito del piede),30.0,30.0,2026-06-30,30.0,19,OK
raschiamento-ungueale-dito-mano-dx,RASCHIAMENTO UNGUEALE (dito mano DX),20.0,20.0,2025-12-23,20.0,1,OK
rast-toxocara-toxocara-canis,RAST TOXOCARA (TOXOCARA CANIS),18.5,,,,0,NO_DATI_GIPO
reagente-lactate-dehydrogenase-ldh,REAGENTE LACTATE DEHYDROGENASE (LDH),4.9,,,,0,NO_DATI_GIPO
recettore-solubile-della-transferrina,RECETTORE SOLUBILE DELLA TRANSFERRINA,43.0,,,,0,NO_DATI_GIPO
recettori-interleuchina-2,RECETTORI INTERLEUCHINA 2,155.0,,,,0,NO_DATI_GIPO
renina-ortostatismo,RENINA (ORTOSTATISMO),25.0,25.0,2026-06-29,25.0,1,OK
resistenza-alla-proteina-c-attivata-apc-r,RESISTENZA ALLA PROTEINA C ATTIVATA (APC-R),20.0,20.0,2026-06-30,20.0,15,OK
resistenza-osmotica-eritrocitaria-simmel,RESISTENZA OSMOTICA  ERITROCITARIA (SIMMEL),28.0,,,,0,NO_DATI_GIPO
resistenza-osmotica-eritrocitaria-globulare-r-o-e-,RESISTENZA OSMOTICA ERITROCITARIA/GLOBULARE (R.O.E./R.O.G.),27.6,,,,0,NO_DATI_GIPO
reticolociti,RETICOLOCITI,12.5,12.5,2025-08-23,12.5,3,OK
reuma-test-fattore-reumatoide,REUMA TEST (FATTORE REUMATOIDE),7.2,7.2,2026-06-22,7.2,35,OK
ricerca-mycoplasmi-e-ureaplasmi-tampone-vaginale,RICERCA  MYCOPLASMI E UREAPLASMI TAMPONE VAGINALE,18.5,18.5,2026-03-30,18.5,12,OK
ricerca-ag-chlamydia,RICERCA Ag CHLAMYDIA,8.5,8.5,2026-06-24,8.5,81,OK
ricerca-antigene-legionella,Ricerca antigene Legionella,62.0,,,,0,NO_DATI_GIPO
ricerca-asbesto-e-siderociti,RICERCA ASBESTO E SIDEROCITI,36.4,,,,0,NO_DATI_GIPO
ricerca-campylobacter-su-feci,Ricerca Campylobacter su feci,22.0,22.0,2025-12-12,22.0,2,OK
ricerca-candida-nelle-feci,RICERCA CANDIDA NELLE FECI,25.0,,,,0,NO_DATI_GIPO
ricerca-dna-chlamydia-trachomatis-su-liquido-semin,RICERCA DNA CHLAMYDIA TRACHOMATIS SU LIQUIDO SEMINALE,70.0,70.0,2026-02-13,70.0,2,OK
ricerca-dna-chlamydia-trachomatis-su-tampone-cervi,RICERCA DNA CHLAMYDIA TRACHOMATIS SU TAMPONE CERVICALE,70.0,70.0,2026-02-28,70.0,2,OK
ricerca-dna-chlamydia-trachomatis-su-tampone-uretr,RICERCA DNA CHLAMYDIA TRACHOMATIS SU TAMPONE URETRALE,70.0,70.0,2026-06-20,70.0,1,OK
ricerca-dna-chlamydia-trachomatis-su-tampone-vagin,RICERCA DNA CHLAMYDIA TRACHOMATIS SU TAMPONE VAGINALE,70.0,,,,0,NO_DATI_GIPO
ricerca-dna-chlamydia-trachomatis-su-urine,RICERCA DNA CHLAMYDIA TRACHOMATIS SU URINE,70.0,,,,0,NO_DATI_GIPO
ricerca-dna-neisseria-gonorrhoeae,RICERCA DNA NEISSERIA GONORRHOEAE,70.0,,,,0,NO_DATI_GIPO
ricerca-gardnerella-vaginalis-in-liquido-seminale,RICERCA Gardnerella vaginalis in Liquido Seminale,20.0,20.0,2025-10-07,20.0,2,OK
ricerca-hsv-1-2-tampone-labiale,RICERCA HSV 1-2  Tampone labiale,50.0,50.0,2025-08-27,50.0,1,OK
ricerca-micoplasmi-liquido-seminale,RICERCA MICOPLASMI LIQUIDO SEMINALE,40.0,,,,0,NO_DATI_GIPO
ricerca-micoplasmi-nelle-urine,RICERCA MICOPLASMI NELLE URINE,35.0,,,,0,NO_DATI_GIPO
ricerca-micoplasmi-tampone-uretrale,RICERCA MICOPLASMI TAMPONE URETRALE,12.0,12.0,2026-03-02,12.0,1,OK
ricerca-mycoplasma-e-ureaplasma-tampone-endometria,RICERCA MYCOPLASMA E UREAPLASMA TAMPONE ENDOMETRIALE,15.0,,,,0,NO_DATI_GIPO
ricerca-mycoplasmi-e-ureaplasmi-in-liquido-seminal,RICERCA MYCOPLASMI e UREAPLASMI in Liquido Seminale,40.0,40.0,2026-01-09,40.0,2,OK
ricerca-mycoplasmi-e-ureaplasmi-tampone-cervicale,RICERCA MYCOPLASMI e UREAPLASMI TAMPONE CERVICALE,18.0,18.0,2025-07-22,18.0,1,OK
ricerca-mycoplasmi-e-ureaplasmi-urine,RICERCA MYCOPLASMI e UREAPLASMI URINE,20.5,20.5,2026-03-30,20.5,2,OK
ricerca-neisseria-gonorrhoeae-esame-colturale-tamp,RICERCA NEISSERIA GONORRHOEAE ESAME COLTURALE TAMP. CERVICALE,15.5,15.5,2026-05-28,15.5,13,OK
ricerca-neisseria-gonorrhoeae-esame-colturale-tamp,RICERCA NEISSERIA GONORRHOEAE ESAME COLTURALE TAMP. VAGINALE,15.5,15.5,2026-06-03,15.5,5,OK
ricerca-neisseria-gonorrhoeae-tamp-uretrale,RICERCA NEISSERIA GONORRHOEAE TAMP. URETRALE,12.5,12.5,2026-06-20,12.5,10,OK
ricerca-parassiti-e-uova,RICERCA PARASSITI E UOVA,15.0,,,,0,NO_DATI_GIPO
ricerca-parassiti-e-uova-campione-1,RICERCA PARASSITI E UOVA CAMPIONE 1,15.0,12.0,2026-06-18,12.0,3,MISMATCH
ricerca-parassiti-e-uova-campione-2,RICERCA PARASSITI E UOVA CAMPIONE 2,15.0,12.0,2026-06-25,12.0,3,MISMATCH
ricerca-parassiti-e-uova-campione-3,RICERCA PARASSITI E UOVA CAMPIONE 3,15.0,12.0,2026-06-25,12.0,3,MISMATCH
ricerca-sangue-occulto-feci,RICERCA SANGUE OCCULTO FECI,4.6,4.6,2026-06-27,4.6,26,OK
ricerca-sangue-occulto-feci-campione-1,RICERCA SANGUE OCCULTO FECI CAMPIONE 1,3.9,3.9,2026-06-18,3.9,32,OK
ricerca-sangue-occulto-feci-campione-2,RICERCA SANGUE OCCULTO FECI CAMPIONE 2,3.9,3.9,2026-06-30,3.9,34,OK
ricerca-sangue-occulto-feci-campione-3,RICERCA SANGUE OCCULTO FECI CAMPIONE 3,3.9,3.9,2026-06-26,3.9,33,OK
ricerca-stafilococco-aureo-nelle-feci,RICERCA STAFILOCOCCO AUREO NELLE FECI,30.0,,,,0,NO_DATI_GIPO
ricerca-streptococco-gr-b-streptococcus-agalactiae,RICERCA STREPTOCOCCO GR. B (Streptococcus agalactiae) TAMPONE RETTALE,8.0,8.0,2026-06-30,8.0,137,OK
ricerca-streptococco-gr-b-streptococcus-agalactiae,RICERCA STREPTOCOCCO GR. B (Streptococcus agalactiae) TAMPONE VAGINALE,8.0,8.0,2026-06-30,8.0,137,OK
ricerca-trichomonas-uretrale,RICERCA TRICHOMONAS URETRALE,12.0,12.0,2026-06-04,12.0,12,OK
ricerca-trichomonas-vaginalis,RICERCA TRICHOMONAS VAGINALIS,12.0,12.0,2026-06-29,12.0,198,OK
rickettsia-conori-igg-igm,RICKETTSIA CONORI IGG - IGM,33.0,33.0,2025-10-21,33.0,2,OK
rilevazione-ph-vaginale,RILEVAZIONE pH VAGINALE,10.0,10.0,2026-05-16,10.0,2,OK
riso-ige-specifiche,RISO (IgE SPECIFICHE),12.5,,,,0,NO_DATI_GIPO
rosolia-test-di-avidita-igg,ROSOLIA - TEST DI AVIDITA' IgG,54.0,54.0,2025-09-16,54.0,1,OK
rotavirus-ricerca-antigene-nelle-feci,ROTAVIRUS RICERCA ANTIGENE NELLE FECI,11.0,,,,0,NO_DATI_GIPO
salice-salix-caprea-ige-specifiche,SALICE (SALIX CAPREA) (IgE SPECIFICHE),12.5,,,,0,NO_DATI_GIPO
salmone-ige-specifiche,SALMONE (IgE SPECIFICHE),12.5,,,,0,NO_DATI_GIPO
sardina-ige-specifiche,SARDINA (IgE SPECIFICHE),19.0,,,,0,NO_DATI_GIPO
scarafaggio-blatella-germanica-ige-specifiche,SCARAFAGGIO (BLATELLA GERMANICA) (IgE SPECIFICHE),19.0,,,,0,NO_DATI_GIPO
scatolo-disbiosi-test,SCATOLO ( Disbiosi test ),45.0,45.0,2026-06-24,45.0,20,OK
scotch-test-ricerca-ossiuri,SCOTCH-TEST RICERCA OSSIURI,12.0,12.0,2026-06-18,12.0,2,OK
screening-assetto-lipidico,screening assetto lipidico,25.0,,,,0,NO_DATI_GIPO
screening-cardiovascolare-base,SCREENING CARDIOVASCOLARE BASE,10.0,,,,0,NO_DATI_GIPO
screening-diabete,Screening diabete,25.0,,,,0,NO_DATI_GIPO
sedano-ige-specifiche,SEDANO (IgE SPECIFICHE),12.5,,,,0,NO_DATI_GIPO
segale-secale-cereale-ige-specifiche,SEGALE (SECALE CEREALE) (IgE SPECIFICHE),12.5,,,,0,NO_DATI_GIPO
selenio-sierico,SELENIO SIERICO,23.0,23.0,2026-05-27,23.0,6,OK
selenio-urine-f-t,SELENIO URINE F.T.,21.6,,,,0,NO_DATI_GIPO
semi-di-sesamo-ige-specifiche,SEMI DI SESAMO (IgE SPECIFICHE),12.5,12.5,2025-07-08,12.5,1,OK
senape-ige-specifiche,SENAPE (IgE SPECIFICHE),14.0,,,,0,NO_DATI_GIPO
serotonina,SEROTONINA,23.7,23.7,2026-02-02,23.7,2,OK
serotonina-urine-24h,SEROTONINA URINE 24H,21.9,,,,0,NO_DATI_GIPO
sgombro-ige-specifiche,SGOMBRO (IgE SPECIFICHE),19.0,,,,0,NO_DATI_GIPO
shbg-sex-hormone-binding-globulin,SHBG (SEX HORMONE BINDING GLOBULIN),25.0,25.0,2026-06-15,25.0,22,OK
sideremia,SIDEREMIA,2.0,2.0,2026-07-01,2.0,382,OK
siero-amiloide-a,SIERO AMILOIDE A,26.5,26.5,2026-06-05,26.5,2,OK
siero-di-latte-ige-specifiche,SIERO DI LATTE (IgE SPECIFICHE),20.0,,,,0,NO_DATI_GIPO
sindrome-dell-x-fragile,SINDROME DELL X FRAGILE,220.0,220.0,2026-06-16,220.0,1,OK
sindrome-di-gilbert,SINDROME DI GILBERT,300.0,300.0,2025-08-23,300.0,1,OK
small-dense-ldl-cholesterol-sd-ldl,SMALL DENSE LDL CHOLESTEROL (SD LDL),295.0,295.0,2025-09-02,295.0,1,OK
smet,SMET,9.63,9.63,2025-12-18,9.63,1,OK
sodio,SODIO,4.7,4.7,2026-06-29,4.7,310,OK
sodio-urine-24h,SODIO URINE 24H,3.3,,,,0,NO_DATI_GIPO
sogliola-ige-specifiche,SOGLIOLA (IgE SPECIFICHE),19.0,,,,0,NO_DATI_GIPO
soia-ige-specifiche,SOIA (IgE SPECIFICHE),12.5,,,,0,NO_DATI_GIPO
somatomedina-c-igf-1,SOMATOMEDINA C (IGF-1),38.0,38.0,2026-02-26,38.0,3,OK
sordita-congenita-gjb2-cx26-intero-gene,SORDITA' CONGENITA (GJB2/CX26) - INTERO GENE,190.0,190.0,2026-06-16,190.0,1,OK
sordita-congenita-gjb2-cx26-principali-mutazioni,SORDITA' CONGENITA (GJB2/CX26) - PRINCIPALI MUTAZIONI,90.0,,,,0,NO_DATI_GIPO
sordita-congenita-gjb2-cx30-intero-gene,SORDITA' CONGENITA (GJB2/CX30) - INTERO GENE,190.0,,,,0,NO_DATI_GIPO
spermiocoltura-completa,SPERMIOCOLTURA COMPLETA,50.0,50.0,2026-06-25,50.0,88,OK
spermiocoltura-germi-comuni,SPERMIOCOLTURA GERMI COMUNI,22.0,22.0,2026-02-13,22.0,2,OK
spermiogramma-esame-del-liquido-seminale,SPERMIOGRAMMA (esame del liquido seminale),90.0,90.0,2026-06-11,90.0,67,OK
spinaci-ige-specifiche,SPINACI (IgE SPECIFICHE),19.0,,,,0,NO_DATI_GIPO
strep-a-rapid-test,STREP A Rapid test,15.0,15.0,2026-06-01,15.0,15,OK
strep-a-rapid-test,STREP A Rapid test,15.0,15.0,2026-06-01,15.0,15,OK
streptococcus-pneumoniae-ag-urinario,STREPTOCOCCUS PNEUMONIAE AG URINARIO,98.0,,,,0,NO_DATI_GIPO
streptozyme,STREPTOZYME,37.9,,,,0,NO_DATI_GIPO
tafano-tabanus-species-ige-specifiche,TAFANO (TABANUS SPECIES) (IgE SPECIFICHE),19.0,,,,0,NO_DATI_GIPO
talassemia-beta-screening-23-mutazioni-italiane,TALASSEMIA BETA - SCREENING 23 MUTAZIONI ITALIANE,140.0,,,,0,NO_DATI_GIPO
talassemia-beta-intero-gene,TALASSEMIA BETA- INTERO GENE,190.0,,,,0,NO_DATI_GIPO
tampone-antigenico-sars-cov-2,TAMPONE ANTIGENICO SARS-COV-2,10.5,10.5,2025-09-18,10.5,1,OK
tampone-balano-prepuziale,TAMPONE BALANO - PREPUZIALE,25.0,25.0,2025-12-11,25.0,2,OK
tampone-colturale-endometrio,TAMPONE COLTURALE ENDOMETRIO,25.0,,,,0,NO_DATI_GIPO
tampone-rapido,TAMPONE RAPIDO,10.0,,,,0,NO_DATI_GIPO
tampone-rettale-ricerca-gonorrhoeae,TAMPONE RETTALE - Ricerca Gonorrhoeae,15.5,,,,0,NO_DATI_GIPO
tampone-rettale-ricerca-miceti,TAMPONE RETTALE - Ricerca miceti,8.5,,,,0,NO_DATI_GIPO
tampone-rettale-ricerca-salmonella-shigella,"TAMPONE RETTALE - Ricerca Salmonella, Shigella",13.8,,,,0,NO_DATI_GIPO
tampone-uretrale-in-provetta-sterile-con-terreno-d,TAMPONE URETRALE IN PROVETTA STERILE CON TERRENO DI TRASPORTO STUART,20.0,20.0,2025-08-21,20.0,1,OK
tampone-vaginale-real-time-pcr-dna-ricerca-trichom,TAMPONE VAGINALE REAL-TIME PCR DNA RICERCA TRICHOMONAS VAGINALIS,68.0,,,,0,NO_DATI_GIPO
tamponi-cervico-vaginali-completi,Tamponi cervico vaginali completi,66.3,66.3,2026-07-01,66.3,365,OK
tamponi-vaginali-completi-vaginali,Tamponi Vaginali (completi vaginali),49.5,49.5,2026-02-07,49.5,6,OK
tbg-tiroxine-binding-globuline,TBG (TIROXINE BINDING GLOBULINE),22.0,22.0,2025-11-07,22.0,1,OK
telopeptide-ctx-plasmatico,TELOPEPTIDE (CTX) PLASMATICO,60.0,60.0,2026-06-08,60.0,7,OK
tempo-di-protrombina-pt,TEMPO DI PROTROMBINA (PT),4.0,4.0,2026-06-29,4.0,160,OK
tempo-di-tromboplastina-aptt,TEMPO DI TROMBOPLASTINA (aPTT),4.0,4.0,2026-06-29,4.0,147,OK
teofillina,TEOFILLINA,16.0,,,,0,NO_DATI_GIPO
test-capacitazione,Test Capacitazione,250.0,40.0,2025-11-08,40.0,1,MISMATCH
test-conferma-toxoplasma-anticorpi-igg,TEST CONFERMA TOXOPLASMA ANTICORPI IgG,40.0,,,,0,NO_DATI_GIPO
test-conferma-toxoplasma-anticorpi-igm,TEST CONFERMA TOXOPLASMA ANTICORPI IgM,40.0,,,,0,NO_DATI_GIPO
test-di-capacitazione,TEST DI CAPACITAZIONE,90.0,80.0,2026-05-26,90.0,3,OK
test-di-coombs-diretto,TEST DI COOMBS DIRETTO,15.0,15.0,2026-06-30,15.0,4,OK
test-di-coombs-indiretto,TEST DI COOMBS INDIRETTO,10.0,10.0,2026-06-30,10.0,51,OK
test-di-gravidanza-su-urine,TEST DI GRAVIDANZA SU URINE,7.5,7.5,2026-05-07,7.5,8,OK
test-di-paternit,Test di paternità,220.0,200.0,2026-04-15,220.0,3,OK
test-indagine-di-consanguineit-con-relazione-medic,Test indagine di consanguineità con relazione medico legale,750.0,750.0,2025-08-21,750.0,1,OK
testosterone,TESTOSTERONE,10.0,10.0,2026-06-29,10.0,90,OK
testosterone-biodisponibile,TESTOSTERONE BIODISPONIBILE,45.0,,,,0,NO_DATI_GIPO
testosterone-libero,TESTOSTERONE LIBERO,21.0,21.0,2026-06-22,21.0,39,OK
the-ige-specifiche,THE' (IgE SPECIFICHE),19.0,,,,0,NO_DATI_GIPO
tibc-capacita-ferro-legante,TIBC - CAPACITA' FERRO LEGANTE,7.4,7.4,2026-05-21,7.4,10,OK
tiglio-tiglia-cordata-ige-specifiche,TIGLIO (TIGLIA CORDATA) (IgE SPECIFICHE),19.0,,,,0,NO_DATI_GIPO
tiocianati-urine-f-t,TIOCIANATI URINE F.T.,30.3,,,,0,NO_DATI_GIPO
tiocianati-urine-i-t,TIOCIANATI URINE I.T.,30.3,,,,0,NO_DATI_GIPO
tipizzazione-linfocitaria-completa,TIPIZZAZIONE LINFOCITARIA COMPLETA,350.0,,,,0,NO_DATI_GIPO
tipizzazione-linfocitaria-singola-t-natural-killer,Tipizzazione linfocitaria singola T Natural Killer,60.0,,,,0,NO_DATI_GIPO
tipizzazione-thla-b27,TIPIZZAZIONE THLA-B27,118.0,,,,0,NO_DATI_GIPO
tireoglobulina,TIREOGLOBULINA,18.8,18.8,2026-06-11,18.8,10,OK
tiroxina-t4,TIROXINA (T4),10.0,,,,0,NO_DATI_GIPO
tiroxina-libera-ft4,TIROXINA LIBERA (FT4),10.0,10.0,2026-07-01,10.0,424,OK
titolo-antistafilolisinico-taf,TITOLO ANTISTAFILOLISINICO (TAF),35.0,,,,0,NO_DATI_GIPO
titolo-antistreptolisinico-tas,TITOLO ANTISTREPTOLISINICO (TAS),7.9,7.9,2026-05-28,7.9,17,OK
tnf-tumor-necrosis-factor,TNF (TUMOR NECROSIS FACTOR),85.0,85.0,2026-03-18,85.0,1,OK
toluene-urine-f-t,TOLUENE URINE F.T.,20.0,,,,0,NO_DATI_GIPO
tonno-ige-specifiche,TONNO (IgE SPECIFICHE),12.5,,,,0,NO_DATI_GIPO
toxoplasma-test-di-avidita-igg,TOXOPLASMA - TEST DI AVIDITA' IgG,27.0,27.0,2025-12-05,27.0,2,OK
tpha,TPHA,5.0,5.0,2026-06-30,5.0,105,OK
transaminasi-g-o-t-ast,TRANSAMINASI G.O.T.(AST),2.0,2.0,2026-06-29,2.0,717,OK
transaminasi-g-p-t-alt,TRANSAMINASI G.P.T.(ALT),2.0,2.0,2026-06-29,2.0,712,OK
transferrina,TRANSFERRINA,5.0,5.0,2026-06-30,5.0,103,OK
transferrina-insatura,TRANSFERRINA INSATURA,6.0,6.0,2026-06-22,6.0,13,OK
treponema-pallidum-anticorpi-med-emoa,TREPONEMA PALLIDUM ANTICORPI MED EMOA,80.0,,,,0,NO_DATI_GIPO
trichomonas-urine,TRICHOMONAS URINE,10.0,10.0,2026-06-22,10.0,3,OK
trichomonas-vaginalis-dna,Trichomonas vaginalis DNA,70.0,,,,0,NO_DATI_GIPO
tricloroetanolo-tce-urine-f-t,TRICLOROETANOLO (TCE) URINE F.T.,14.3,,,,0,NO_DATI_GIPO
tricloroetanolo-tce-urine-i-t,TRICLOROETANOLO (TCE) URINE I.T.,14.3,,,,0,NO_DATI_GIPO
trigliceridi,TRIGLICERIDI,2.5,2.5,2026-06-30,2.5,505,OK
triiodotironina-libera-ft3,TRIIODOTIRONINA LIBERA (FT3),9.0,9.0,2026-07-01,9.0,260,OK
triptasi,TRIPTASI,95.0,95.0,2026-02-18,95.0,3,OK
trombofilia-15-mutazioni,Trombofilia-15 mutazioni,150.0,150.0,2026-06-16,150.0,16,OK
troponina-t-alta-sensibilita,TROPONINA T  ALTA SENSIBILITA',19.4,,,,0,NO_DATI_GIPO
trota-ige-specifiche,TROTA (IgE SPECIFICHE),19.0,,,,0,NO_DATI_GIPO
tsh-reflex,TSH REFLEX,25.0,25.0,2026-06-27,25.0,10,OK
tunel-test-test-di-frammentazione-del-dna-spermati,TUNEL TEST (Test di frammentazione del DNA spermatico),180.0,180.0,2026-06-08,180.0,4,OK
tuorlo-ige-specifiche,TUORLO (IgE SPECIFICHE),12.5,,,,0,NO_DATI_GIPO
tyrophagus-putrescentiae-acari-minori-ige-specific,TYROPHAGUS PUTRESCENTIAE (Acari minori) (IgE SPECIFICHE),12.5,,,,0,NO_DATI_GIPO
ureaplasma-parvum-dna,Ureaplasma parvum DNA,75.0,,,,0,NO_DATI_GIPO
ureaplasma-urealyticum-dna,Ureaplasma urealyticum DNA,70.0,,,,0,NO_DATI_GIPO
uricuria-urine-24h,URICURIA URINE 24H,3.99,3.99,2026-03-13,3.99,1,OK
urina-di-ratto-ige-specifiche,URINA DI RATTO (IgE SPECIFICHE),19.0,,,,0,NO_DATI_GIPO
urina-di-topo-ige-specifiche,URINA DI TOPO (IgE SPECIFICHE),19.0,,,,0,NO_DATI_GIPO
uva-ige-specifiche,UVA (IgE SPECIFICHE),19.0,,,,0,NO_DATI_GIPO
vanadio-urine-f-t,VANADIO URINE F.T.,21.6,,,,0,NO_DATI_GIPO
vanadio-urine-i-t,VANADIO URINE I.T.,21.6,,,,0,NO_DATI_GIPO
vaniglia-ige-specifiche,VANIGLIA (IgE SPECIFICHE),19.0,,,,0,NO_DATI_GIPO
vdrl,VDRL,8.0,8.0,2026-06-30,8.0,107,OK
ves,VES,4.5,4.5,2026-06-29,4.5,250,OK
vespa-polistes-species-ige-specifiche,VESPA (POLISTES SPECIES) (IgE SPECIFICHE),19.0,19.0,2026-01-29,19.0,3,OK
virus-epatite-b-hbv-reflex,VIRUS EPATITE B (HBV REFLEX),45.0,45.0,2026-06-23,45.0,72,OK
virus-epatite-c-immunoblotting-r-i-b-a,VIRUS EPATITE C IMMUNOBLOTTING (R.I.B.A.),400.0,,,,0,NO_DATI_GIPO
virus-respiratorio-sincinziale-vrs,VIRUS RESPIRATORIO SINCINZIALE (VRS),12.0,,,,0,NO_DATI_GIPO
visite-di-secondo-controllo-torres,Visite di secondo controllo Torres,192.93,,,,0,NO_DATI_GIPO
vit-k,VIT K,323.2,,,,0,NO_DATI_GIPO
vitamina-a,VITAMINA A,35.0,35.0,2026-04-07,35.0,6,OK
vitamina-b1,VITAMINA B1,27.0,27.0,2026-03-14,27.0,5,OK
vitamina-b12,VITAMINA B12,15.5,15.5,2026-07-01,15.5,263,OK
vitamina-b2-ematica,Vitamina B2 ematica,18.0,18.0,2026-03-14,18.0,3,OK
vitamina-b3-nicotinamide,VITAMINA B3 (NICOTINAMIDE),235.0,235.0,2026-02-18,235.0,1,OK
vitamina-b6,VITAMINA B6,31.0,31.0,2026-06-03,31.0,20,OK
vitamina-b9,VITAMINA B9,65.0,,,,0,NO_DATI_GIPO
vitamina-c,VITAMINA C,75.0,75.0,2026-02-18,70.0,2,OK
vitamina-d-25-oh,VITAMINA D (25 OH),16.0,16.0,2026-07-01,16.0,419,OK
vitamina-d-1-25-diidrossi,VITAMINA D 1-25 DIIDROSSI,92.0,92.0,2026-05-25,92.0,1,OK
vitamina-d-3-vitamina-d-25-oh-liposolubile,VITAMINA D 3 - VITAMINA D (25 OH) (LIPOSOLUBILE),38.0,38.0,2025-12-20,38.0,8,OK
vitamina-e,VITAMINA E,30.0,30.0,2026-05-28,30.0,4,OK
vitamina-h,VITAMINA H,100.0,100.0,2026-02-18,100.0,1,OK
vitamina-k,VITAMINA K,324.0,,,,0,NO_DATI_GIPO
von-willebrand-attivita,VON WILLEBRAND ATTIVITA',25.0,,,,0,NO_DATI_GIPO
vongola-ige-specifiche,VONGOLA (IgE SPECIFICHE),19.0,19.0,2026-06-05,19.0,1,OK
weil-felix-anticorpi-anti-rickettsia-proteus,WEIL-FELIX (ANTICORPI ANTI-RICKETTSIA/PROTEUS),18.5,,,,0,NO_DATI_GIPO
widal-wright,WIDAL-WRIGHT,14.5,,,,0,NO_DATI_GIPO
x-fragile-ricerca-gene-fmr1-fraxa,X Fragile - RICERCA gene FMR1 (FRAXA),90.0,90.0,2025-12-01,90.0,4,OK
x-fragile-gene-fmr1-livello-ii,X Fragile gene FMR1 (Livello II),170.0,170.0,2025-10-08,170.0,1,OK
x-fragile-fraxa,X-FRAGILE (FRAXA),100.0,,,,0,NO_DATI_GIPO
xilosio,XILOSIO,53.0,,,,0,NO_DATI_GIPO
yersinia-nelle-feci,YERSINIA NELLE FECI,18.0,,,,0,NO_DATI_GIPO
zanzara-aedes-communis-ige-specifiche,ZANZARA (AEDES COMMUNIS) (IgE SPECIFICHE),12.5,,,,0,NO_DATI_GIPO
zinco,ZINCO,22.0,22.0,2026-03-14,22.0,4,OK
zinco-urine-f-t,ZINCO URINE F.T.,20.0,,,,0,NO_DATI_GIPO
zinco-urine-i-t,ZINCO URINE I.T.,20.0,,,,0,NO_DATI_GIPO
zincoprotoporfirina,ZINCOPROTOPORFIRINA,55.0,,,,0,NO_DATI_GIPO
znt8-abs,ZnT8 Abs,120.0,,,,0,NO_DATI_GIPO
zntb-a,ZNTB A,120.0,,,,0,NO_DATI_GIPO
zonulina-fecale,ZONULINA FECALE,175.0,175.0,2026-06-03,175.0,3,OK
zonulina-sierica,ZONULINA SIERICA,95.5,95.5,2026-06-03,95.5,6,OK
zucca-ihe-specifiche,ZUCCA (IhE SPECIFICHE),19.0,,,,0,NO_DATI_GIPO
